2026-10-05 22:47:17,823 | INFO | rag_app | Starting chunking.
2026-10-05 22:47:17,828 | INFO | rag_app | CONFIG Chunking: parent_chunk_size=1900 parent_chunk_overlap=300 child_chunk_size=500 child_chunk_overlap=80 splitter=RecursiveCharacterTextSplitter
2026-10-05 22:47:17,830 | INFO | rag_app | Document chunking completed source_file='ch 1 Chemical Reactions and Equations.pdf' document_id='test_id_123' status=FULL_SUCCESS
2026-10-05 22:47:17,832 | INFO | rag_app | Document chunking completed source_file='ch 1 Chemical Reactions and Equations.pdf' document_id='test_id_123' status=FULL_SUCCESS
2026-10-05 22:47:17,833 | INFO | rag_app | Document chunking completed source_file='ch 1 Chemical Reactions and Equations.pdf' document_id='test_id_123' status=FULL_SUCCESS
2026-10-05 22:47:17,834 | INFO | rag_app | Chunking completed.
2026-10-05 22:47:17,835 | INFO | rag_app | STATISTICS Chunking: documents_received=1 parent_chunks_created=3 child_chunks_created=3 duration=0.007s
2026-10-05 23:24:43,603 | INFO | rag_app | Starting ingestion script...
2026-10-05 23:24:43,605 | INFO | rag_app | Starting document ingestion.
2026-10-05 23:24:43,605 | INFO | rag_app | Selected PDF_loader: pymupdf
2026-10-05 23:24:43,606 | INFO | rag_app | CONFIG Loading: document_dir=C:\Users\vtvip\-Production-Chatbot-with-Smart-Caching-For-NCERT-Class-10-Science\data\pdf metadata_csv_path=C:\Users\vtvip\-Production-Chatbot-with-Smart-Caching-For-NCERT-Class-10-Science\configs\document_metadata.csv selected_pdf_loader=pymupdf
2026-10-05 23:24:43,606 | INFO | rag_app | Validating document directory: C:\Users\vtvip\-Production-Chatbot-with-Smart-Caching-For-NCERT-Class-10-Science\data\pdf
2026-10-05 23:24:43,627 | INFO | rag_app | Discovered 15 supported files.
2026-10-05 23:24:43,628 | INFO | rag_app | Loading business metadata CSV: C:\Users\vtvip\-Production-Chatbot-with-Smart-Caching-For-NCERT-Class-10-Science\configs\document_metadata.csv
2026-10-05 23:24:43,639 | INFO | rag_app | Successfully loaded metadata for 15 documents.
2026-10-05 23:24:43,639 | INFO | rag_app | Starting PDF loading using PyMuPDFLoader.
2026-10-05 23:31:24,381 | INFO | rag_app | Successfully loaded 232 pages using PyMuPDFLoader.
2026-10-05 23:31:24,382 | INFO | rag_app | Starting metadata enrichment.
2026-10-05 23:31:24,596 | INFO | rag_app | Metadata enrichment completed.
2026-10-05 23:31:24,597 | INFO | rag_app | Starting metadata enrichment.
2026-10-05 23:31:24,673 | INFO | rag_app | Metadata enrichment completed.
2026-10-05 23:31:24,673 | INFO | rag_app | Starting metadata enrichment.
2026-10-05 23:31:24,763 | INFO | rag_app | Metadata enrichment completed.
2026-10-05 23:31:24,764 | INFO | rag_app | Starting metadata enrichment.
2026-10-05 23:31:24,770 | WARNING | rag_app | No CSV metadata found for document: 'ch 12 Magnetic Effects and Electirc Current.pdf'
2026-10-05 23:31:24,770 | INFO | rag_app | Available CSV filenames:
2026-10-05 23:31:24,771 | INFO | rag_app |   'ch 1 Chemical Reactions and Equations.pdf'
2026-10-05 23:31:24,772 | INFO | rag_app |   'ch 2 Acids Bases and Salts.pdf'
2026-10-05 23:31:24,772 | INFO | rag_app |   'ch 3 Metals and Non-metals.pdf'
2026-10-05 23:31:24,772 | INFO | rag_app |   'ch 4 Carbon and its Compounds.pdf'
2026-10-05 23:31:24,773 | INFO | rag_app |   'ch 5 Life Processes.pdf'
2026-10-05 23:31:24,773 | INFO | rag_app |   'ch 6 Control and Coordination.pdf'
2026-10-05 23:31:24,773 | INFO | rag_app |   'ch 7 How do Organisms Reproduce.pdf'
2026-10-05 23:31:24,774 | INFO | rag_app |   'ch 8 Heredity.pdf'
2026-10-05 23:31:24,774 | INFO | rag_app |   'ch 9 Light - Reflection and Refraction.pdf'
2026-10-05 23:31:24,775 | INFO | rag_app |   'ch 10 The Human Eye and the Colourful World.pdf'
2026-10-05 23:31:24,775 | INFO | rag_app |   'ch 11 Electricity.pdf'
2026-10-05 23:31:24,775 | INFO | rag_app |   'ch 12 Magnetic Effects of Electric Current.pdf'
2026-10-05 23:31:24,776 | INFO | rag_app |   'ch 13 Our Environment.pdf'
2026-10-05 23:31:24,776 | INFO | rag_app |   'Answers exercise.pdf'
2026-10-05 23:31:24,776 | INFO | rag_app |   'Contents NCERT.pdf'
2026-10-05 23:31:24,989 | INFO | rag_app | Metadata enrichment completed.
2026-10-05 23:31:24,990 | INFO | rag_app | Starting metadata enrichment.
2026-10-05 23:31:25,061 | INFO | rag_app | Metadata enrichment completed.
2026-10-05 23:31:25,062 | INFO | rag_app | Starting metadata enrichment.
2026-10-05 23:31:25,157 | INFO | rag_app | Metadata enrichment completed.
2026-10-05 23:31:25,159 | INFO | rag_app | Starting metadata enrichment.
2026-10-05 23:31:25,387 | INFO | rag_app | Metadata enrichment completed.
2026-10-05 23:31:25,388 | INFO | rag_app | Starting metadata enrichment.
2026-10-05 23:31:26,440 | INFO | rag_app | Metadata enrichment completed.
2026-10-05 23:31:26,440 | INFO | rag_app | Starting metadata enrichment.
2026-10-05 23:31:26,636 | INFO | rag_app | Metadata enrichment completed.
2026-10-05 23:31:26,636 | INFO | rag_app | Starting metadata enrichment.
2026-10-05 23:31:27,039 | INFO | rag_app | Metadata enrichment completed.
2026-10-05 23:31:27,040 | INFO | rag_app | Starting metadata enrichment.
2026-10-05 23:31:27,126 | INFO | rag_app | Metadata enrichment completed.
2026-10-05 23:31:27,126 | INFO | rag_app | Starting metadata enrichment.
2026-10-05 23:31:27,329 | INFO | rag_app | Metadata enrichment completed.
2026-10-05 23:31:27,329 | INFO | rag_app | Starting metadata enrichment.
2026-10-05 23:31:27,330 | WARNING | rag_app | No CSV metadata found for document: 'ch 9 Light -Reflection and Refraction.pdf'
2026-10-05 23:31:27,330 | INFO | rag_app | Available CSV filenames:
2026-10-05 23:31:27,330 | INFO | rag_app |   'ch 1 Chemical Reactions and Equations.pdf'
2026-10-05 23:31:27,330 | INFO | rag_app |   'ch 2 Acids Bases and Salts.pdf'
2026-10-05 23:31:27,331 | INFO | rag_app |   'ch 3 Metals and Non-metals.pdf'
2026-10-05 23:31:27,331 | INFO | rag_app |   'ch 4 Carbon and its Compounds.pdf'
2026-10-05 23:31:27,331 | INFO | rag_app |   'ch 5 Life Processes.pdf'
2026-10-05 23:31:27,331 | INFO | rag_app |   'ch 6 Control and Coordination.pdf'
2026-10-05 23:31:27,331 | INFO | rag_app |   'ch 7 How do Organisms Reproduce.pdf'
2026-10-05 23:31:27,332 | INFO | rag_app |   'ch 8 Heredity.pdf'
2026-10-05 23:31:27,332 | INFO | rag_app |   'ch 9 Light - Reflection and Refraction.pdf'
2026-10-05 23:31:27,333 | INFO | rag_app |   'ch 10 The Human Eye and the Colourful World.pdf'
2026-10-05 23:31:27,333 | INFO | rag_app |   'ch 11 Electricity.pdf'
2026-10-05 23:31:27,333 | INFO | rag_app |   'ch 12 Magnetic Effects of Electric Current.pdf'
2026-10-05 23:31:27,336 | INFO | rag_app |   'ch 13 Our Environment.pdf'
2026-10-05 23:31:27,338 | INFO | rag_app |   'Answers exercise.pdf'
2026-10-05 23:31:27,338 | INFO | rag_app |   'Contents NCERT.pdf'
2026-10-05 23:31:27,430 | INFO | rag_app | Metadata enrichment completed.
2026-10-05 23:31:27,430 | INFO | rag_app | Starting metadata enrichment.
2026-10-05 23:31:27,430 | WARNING | rag_app | No CSV metadata found for document: 'ch11 Electricity.pdf'
2026-10-05 23:31:27,431 | INFO | rag_app | Available CSV filenames:
2026-10-05 23:31:27,431 | INFO | rag_app |   'ch 1 Chemical Reactions and Equations.pdf'
2026-10-05 23:31:27,431 | INFO | rag_app |   'ch 2 Acids Bases and Salts.pdf'
2026-10-05 23:31:27,431 | INFO | rag_app |   'ch 3 Metals and Non-metals.pdf'
2026-10-05 23:31:27,432 | INFO | rag_app |   'ch 4 Carbon and its Compounds.pdf'
2026-10-05 23:31:27,432 | INFO | rag_app |   'ch 5 Life Processes.pdf'
2026-10-05 23:31:27,432 | INFO | rag_app |   'ch 6 Control and Coordination.pdf'
2026-10-05 23:31:27,433 | INFO | rag_app |   'ch 7 How do Organisms Reproduce.pdf'
2026-10-05 23:31:27,434 | INFO | rag_app |   'ch 8 Heredity.pdf'
2026-10-05 23:31:27,434 | INFO | rag_app |   'ch 9 Light - Reflection and Refraction.pdf'
2026-10-05 23:31:27,440 | INFO | rag_app |   'ch 10 The Human Eye and the Colourful World.pdf'
2026-10-05 23:31:27,440 | INFO | rag_app |   'ch 11 Electricity.pdf'
2026-10-05 23:31:27,440 | INFO | rag_app |   'ch 12 Magnetic Effects of Electric Current.pdf'
2026-10-05 23:31:27,440 | INFO | rag_app |   'ch 13 Our Environment.pdf'
2026-10-05 23:31:27,440 | INFO | rag_app |   'Answers exercise.pdf'
2026-10-05 23:31:27,440 | INFO | rag_app |   'Contents NCERT.pdf'
2026-10-05 23:31:27,529 | INFO | rag_app | Metadata enrichment completed.
2026-10-05 23:31:27,530 | INFO | rag_app | Starting metadata enrichment.
2026-10-05 23:31:28,475 | INFO | rag_app | Metadata enrichment completed.
2026-10-05 23:31:28,479 | INFO | rag_app | Loading completed successfully. Documents=15, pages=232, empty_pages=0
2026-10-05 23:31:28,479 | INFO | rag_app | STATISTICS Loading: discovered=15 succeeded=15 failed=0 pages=232 empty_pages=0 duration=404.835s
2026-10-05 23:31:28,479 | INFO | rag_app | Starting chunking.
2026-10-05 23:31:28,479 | INFO | rag_app | CONFIG Chunking: parent_chunk_size=1900 parent_chunk_overlap=300 child_chunk_size=500 child_chunk_overlap=80 splitter=RecursiveCharacterTextSplitter
2026-10-05 23:31:28,685 | INFO | rag_app | Document chunking completed source_file='Answers exercise.pdf' document_id='a954e72e229f3475f854825fa517a394cae14100d08fbea6fe5b82ebd0a4bcd5' status=FULL_SUCCESS
2026-10-05 23:31:28,686 | INFO | rag_app | Document chunking completed source_file='Answers exercise.pdf' document_id='a954e72e229f3475f854825fa517a394cae14100d08fbea6fe5b82ebd0a4bcd5' status=FULL_SUCCESS
2026-10-05 23:31:28,687 | INFO | rag_app | Document chunking completed source_file='Answers exercise.pdf' document_id='a954e72e229f3475f854825fa517a394cae14100d08fbea6fe5b82ebd0a4bcd5' status=FULL_SUCCESS
2026-10-05 23:31:28,698 | INFO | rag_app | Document chunking completed source_file='Answers exercise.pdf' document_id='a954e72e229f3475f854825fa517a394cae14100d08fbea6fe5b82ebd0a4bcd5' status=FULL_SUCCESS
2026-10-05 23:31:28,700 | INFO | rag_app | Document chunking completed source_file='Answers exercise.pdf' document_id='a954e72e229f3475f854825fa517a394cae14100d08fbea6fe5b82ebd0a4bcd5' status=FULL_SUCCESS
2026-10-05 23:31:28,701 | INFO | rag_app | Document chunking completed source_file='Answers exercise.pdf' document_id='a954e72e229f3475f854825fa517a394cae14100d08fbea6fe5b82ebd0a4bcd5' status=FULL_SUCCESS
2026-10-05 23:31:28,712 | INFO | rag_app | Document chunking completed source_file='Answers exercise.pdf' document_id='a954e72e229f3475f854825fa517a394cae14100d08fbea6fe5b82ebd0a4bcd5' status=FULL_SUCCESS
2026-10-05 23:31:28,714 | INFO | rag_app | Document chunking completed source_file='Answers exercise.pdf' document_id='a954e72e229f3475f854825fa517a394cae14100d08fbea6fe5b82ebd0a4bcd5' status=FULL_SUCCESS
2026-10-05 23:31:28,716 | INFO | rag_app | Document chunking completed source_file='ch 1 Chemical Reactions and Equations.pdf' document_id='bc06f6f37a3cfe3fd7857fb5f7bd299dd78a57b139e6834fe63ff8dd636a2442' status=FULL_SUCCESS
2026-10-05 23:31:28,719 | INFO | rag_app | Document chunking completed source_file='ch 1 Chemical Reactions and Equations.pdf' document_id='bc06f6f37a3cfe3fd7857fb5f7bd299dd78a57b139e6834fe63ff8dd636a2442' status=FULL_SUCCESS
2026-10-05 23:31:28,723 | INFO | rag_app | Document chunking completed source_file='ch 1 Chemical Reactions and Equations.pdf' document_id='bc06f6f37a3cfe3fd7857fb5f7bd299dd78a57b139e6834fe63ff8dd636a2442' status=FULL_SUCCESS
2026-10-05 23:31:28,725 | INFO | rag_app | Document chunking completed source_file='ch 1 Chemical Reactions and Equations.pdf' document_id='bc06f6f37a3cfe3fd7857fb5f7bd299dd78a57b139e6834fe63ff8dd636a2442' status=FULL_SUCCESS
2026-10-05 23:31:28,728 | INFO | rag_app | Document chunking completed source_file='ch 1 Chemical Reactions and Equations.pdf' document_id='bc06f6f37a3cfe3fd7857fb5f7bd299dd78a57b139e6834fe63ff8dd636a2442' status=FULL_SUCCESS
2026-10-05 23:31:28,728 | INFO | rag_app | Document chunking completed source_file='ch 1 Chemical Reactions and Equations.pdf' document_id='bc06f6f37a3cfe3fd7857fb5f7bd299dd78a57b139e6834fe63ff8dd636a2442' status=FULL_SUCCESS
2026-10-05 23:31:28,731 | INFO | rag_app | Document chunking completed source_file='ch 1 Chemical Reactions and Equations.pdf' document_id='bc06f6f37a3cfe3fd7857fb5f7bd299dd78a57b139e6834fe63ff8dd636a2442' status=FULL_SUCCESS
2026-10-05 23:31:28,732 | INFO | rag_app | Document chunking completed source_file='ch 1 Chemical Reactions and Equations.pdf' document_id='bc06f6f37a3cfe3fd7857fb5f7bd299dd78a57b139e6834fe63ff8dd636a2442' status=FULL_SUCCESS
2026-10-05 23:31:28,733 | INFO | rag_app | Document chunking completed source_file='ch 1 Chemical Reactions and Equations.pdf' document_id='bc06f6f37a3cfe3fd7857fb5f7bd299dd78a57b139e6834fe63ff8dd636a2442' status=FULL_SUCCESS
2026-10-05 23:31:28,735 | INFO | rag_app | Document chunking completed source_file='ch 1 Chemical Reactions and Equations.pdf' document_id='bc06f6f37a3cfe3fd7857fb5f7bd299dd78a57b139e6834fe63ff8dd636a2442' status=FULL_SUCCESS
2026-10-05 23:31:28,747 | INFO | rag_app | Document chunking completed source_file='ch 1 Chemical Reactions and Equations.pdf' document_id='bc06f6f37a3cfe3fd7857fb5f7bd299dd78a57b139e6834fe63ff8dd636a2442' status=FULL_SUCCESS
2026-10-05 23:31:28,755 | INFO | rag_app | Document chunking completed source_file='ch 1 Chemical Reactions and Equations.pdf' document_id='bc06f6f37a3cfe3fd7857fb5f7bd299dd78a57b139e6834fe63ff8dd636a2442' status=FULL_SUCCESS
2026-10-05 23:31:28,759 | INFO | rag_app | Document chunking completed source_file='ch 1 Chemical Reactions and Equations.pdf' document_id='bc06f6f37a3cfe3fd7857fb5f7bd299dd78a57b139e6834fe63ff8dd636a2442' status=FULL_SUCCESS
2026-10-05 23:31:28,762 | INFO | rag_app | Document chunking completed source_file='ch 1 Chemical Reactions and Equations.pdf' document_id='bc06f6f37a3cfe3fd7857fb5f7bd299dd78a57b139e6834fe63ff8dd636a2442' status=FULL_SUCCESS
2026-10-05 23:31:28,763 | INFO | rag_app | Document chunking completed source_file='ch 1 Chemical Reactions and Equations.pdf' document_id='bc06f6f37a3cfe3fd7857fb5f7bd299dd78a57b139e6834fe63ff8dd636a2442' status=FULL_SUCCESS
2026-10-05 23:31:28,764 | INFO | rag_app | Document chunking completed source_file='ch 1 Chemical Reactions and Equations.pdf' document_id='bc06f6f37a3cfe3fd7857fb5f7bd299dd78a57b139e6834fe63ff8dd636a2442' status=FULL_SUCCESS
2026-10-05 23:31:28,765 | INFO | rag_app | Document chunking completed source_file='ch 1 Chemical Reactions and Equations.pdf' document_id='bc06f6f37a3cfe3fd7857fb5f7bd299dd78a57b139e6834fe63ff8dd636a2442' status=FULL_SUCCESS
2026-10-05 23:31:28,766 | INFO | rag_app | Document chunking completed source_file='ch 1 Chemical Reactions and Equations.pdf' document_id='bc06f6f37a3cfe3fd7857fb5f7bd299dd78a57b139e6834fe63ff8dd636a2442' status=FULL_SUCCESS
2026-10-05 23:31:28,769 | INFO | rag_app | Document chunking completed source_file='ch 1 Chemical Reactions and Equations.pdf' document_id='bc06f6f37a3cfe3fd7857fb5f7bd299dd78a57b139e6834fe63ff8dd636a2442' status=FULL_SUCCESS
2026-10-05 23:31:28,775 | INFO | rag_app | Document chunking completed source_file='ch 1 Chemical Reactions and Equations.pdf' document_id='bc06f6f37a3cfe3fd7857fb5f7bd299dd78a57b139e6834fe63ff8dd636a2442' status=FULL_SUCCESS
2026-10-05 23:31:28,779 | INFO | rag_app | Document chunking completed source_file='ch 1 Chemical Reactions and Equations.pdf' document_id='bc06f6f37a3cfe3fd7857fb5f7bd299dd78a57b139e6834fe63ff8dd636a2442' status=FULL_SUCCESS
2026-10-05 23:31:28,780 | INFO | rag_app | Document chunking completed source_file='ch 1 Chemical Reactions and Equations.pdf' document_id='bc06f6f37a3cfe3fd7857fb5f7bd299dd78a57b139e6834fe63ff8dd636a2442' status=FULL_SUCCESS
2026-10-05 23:31:28,798 | INFO | rag_app | Document chunking completed source_file='ch 1 Chemical Reactions and Equations.pdf' document_id='bc06f6f37a3cfe3fd7857fb5f7bd299dd78a57b139e6834fe63ff8dd636a2442' status=FULL_SUCCESS
2026-10-05 23:31:28,800 | INFO | rag_app | Document chunking completed source_file='ch 1 Chemical Reactions and Equations.pdf' document_id='bc06f6f37a3cfe3fd7857fb5f7bd299dd78a57b139e6834fe63ff8dd636a2442' status=FULL_SUCCESS
2026-10-05 23:31:28,800 | INFO | rag_app | Document chunking completed source_file='ch 1 Chemical Reactions and Equations.pdf' document_id='bc06f6f37a3cfe3fd7857fb5f7bd299dd78a57b139e6834fe63ff8dd636a2442' status=FULL_SUCCESS
2026-10-05 23:31:28,831 | INFO | rag_app | Document chunking completed source_file='ch 1 Chemical Reactions and Equations.pdf' document_id='bc06f6f37a3cfe3fd7857fb5f7bd299dd78a57b139e6834fe63ff8dd636a2442' status=FULL_SUCCESS
2026-10-05 23:31:28,856 | INFO | rag_app | Document chunking completed source_file='ch 1 Chemical Reactions and Equations.pdf' document_id='bc06f6f37a3cfe3fd7857fb5f7bd299dd78a57b139e6834fe63ff8dd636a2442' status=FULL_SUCCESS
2026-10-05 23:31:28,879 | INFO | rag_app | Document chunking completed source_file='ch 1 Chemical Reactions and Equations.pdf' document_id='bc06f6f37a3cfe3fd7857fb5f7bd299dd78a57b139e6834fe63ff8dd636a2442' status=FULL_SUCCESS
2026-10-05 23:31:28,879 | INFO | rag_app | Document chunking completed source_file='ch 1 Chemical Reactions and Equations.pdf' document_id='bc06f6f37a3cfe3fd7857fb5f7bd299dd78a57b139e6834fe63ff8dd636a2442' status=FULL_SUCCESS
2026-10-05 23:31:28,888 | INFO | rag_app | Document chunking completed source_file='ch 1 Chemical Reactions and Equations.pdf' document_id='bc06f6f37a3cfe3fd7857fb5f7bd299dd78a57b139e6834fe63ff8dd636a2442' status=FULL_SUCCESS
2026-10-05 23:31:28,890 | INFO | rag_app | Document chunking completed source_file='ch 1 Chemical Reactions and Equations.pdf' document_id='bc06f6f37a3cfe3fd7857fb5f7bd299dd78a57b139e6834fe63ff8dd636a2442' status=FULL_SUCCESS
2026-10-05 23:31:28,890 | INFO | rag_app | Document chunking completed source_file='ch 1 Chemical Reactions and Equations.pdf' document_id='bc06f6f37a3cfe3fd7857fb5f7bd299dd78a57b139e6834fe63ff8dd636a2442' status=FULL_SUCCESS
2026-10-05 23:31:28,897 | INFO | rag_app | Document chunking completed source_file='ch 1 Chemical Reactions and Equations.pdf' document_id='bc06f6f37a3cfe3fd7857fb5f7bd299dd78a57b139e6834fe63ff8dd636a2442' status=FULL_SUCCESS
2026-10-05 23:31:28,913 | INFO | rag_app | Document chunking completed source_file='ch 1 Chemical Reactions and Equations.pdf' document_id='bc06f6f37a3cfe3fd7857fb5f7bd299dd78a57b139e6834fe63ff8dd636a2442' status=FULL_SUCCESS
2026-10-05 23:31:28,915 | INFO | rag_app | Document chunking completed source_file='ch 1 Chemical Reactions and Equations.pdf' document_id='bc06f6f37a3cfe3fd7857fb5f7bd299dd78a57b139e6834fe63ff8dd636a2442' status=FULL_SUCCESS
2026-10-05 23:31:28,919 | INFO | rag_app | Document chunking completed source_file='ch 1 Chemical Reactions and Equations.pdf' document_id='bc06f6f37a3cfe3fd7857fb5f7bd299dd78a57b139e6834fe63ff8dd636a2442' status=FULL_SUCCESS
2026-10-05 23:31:28,921 | INFO | rag_app | Document chunking completed source_file='ch 1 Chemical Reactions and Equations.pdf' document_id='bc06f6f37a3cfe3fd7857fb5f7bd299dd78a57b139e6834fe63ff8dd636a2442' status=FULL_SUCCESS
2026-10-05 23:31:28,921 | INFO | rag_app | Document chunking completed source_file='ch 10 The Human Eye and the Colourful World.pdf' document_id='5512e5091a616e412bb96a4497bcd2abd6c89f30a4ad1cae84edcbe2277b350e' status=FULL_SUCCESS
2026-10-05 23:31:28,927 | INFO | rag_app | Document chunking completed source_file='ch 10 The Human Eye and the Colourful World.pdf' document_id='5512e5091a616e412bb96a4497bcd2abd6c89f30a4ad1cae84edcbe2277b350e' status=FULL_SUCCESS
2026-10-05 23:31:28,928 | INFO | rag_app | Document chunking completed source_file='ch 10 The Human Eye and the Colourful World.pdf' document_id='5512e5091a616e412bb96a4497bcd2abd6c89f30a4ad1cae84edcbe2277b350e' status=FULL_SUCCESS
2026-10-05 23:31:28,930 | INFO | rag_app | Document chunking completed source_file='ch 10 The Human Eye and the Colourful World.pdf' document_id='5512e5091a616e412bb96a4497bcd2abd6c89f30a4ad1cae84edcbe2277b350e' status=FULL_SUCCESS
2026-10-05 23:31:28,931 | INFO | rag_app | Document chunking completed source_file='ch 10 The Human Eye and the Colourful World.pdf' document_id='5512e5091a616e412bb96a4497bcd2abd6c89f30a4ad1cae84edcbe2277b350e' status=FULL_SUCCESS
2026-10-05 23:31:28,932 | INFO | rag_app | Document chunking completed source_file='ch 10 The Human Eye and the Colourful World.pdf' document_id='5512e5091a616e412bb96a4497bcd2abd6c89f30a4ad1cae84edcbe2277b350e' status=FULL_SUCCESS
2026-10-05 23:31:28,933 | INFO | rag_app | Document chunking completed source_file='ch 10 The Human Eye and the Colourful World.pdf' document_id='5512e5091a616e412bb96a4497bcd2abd6c89f30a4ad1cae84edcbe2277b350e' status=FULL_SUCCESS
2026-10-05 23:31:28,934 | INFO | rag_app | Document chunking completed source_file='ch 10 The Human Eye and the Colourful World.pdf' document_id='5512e5091a616e412bb96a4497bcd2abd6c89f30a4ad1cae84edcbe2277b350e' status=FULL_SUCCESS
2026-10-05 23:31:28,934 | INFO | rag_app | Document chunking completed source_file='ch 10 The Human Eye and the Colourful World.pdf' document_id='5512e5091a616e412bb96a4497bcd2abd6c89f30a4ad1cae84edcbe2277b350e' status=FULL_SUCCESS
2026-10-05 23:31:28,937 | INFO | rag_app | Document chunking completed source_file='ch 10 The Human Eye and the Colourful World.pdf' document_id='5512e5091a616e412bb96a4497bcd2abd6c89f30a4ad1cae84edcbe2277b350e' status=FULL_SUCCESS
2026-10-05 23:31:28,945 | INFO | rag_app | Document chunking completed source_file='ch 10 The Human Eye and the Colourful World.pdf' document_id='5512e5091a616e412bb96a4497bcd2abd6c89f30a4ad1cae84edcbe2277b350e' status=FULL_SUCCESS
2026-10-05 23:31:28,945 | INFO | rag_app | Document chunking completed source_file='ch 10 The Human Eye and the Colourful World.pdf' document_id='5512e5091a616e412bb96a4497bcd2abd6c89f30a4ad1cae84edcbe2277b350e' status=FULL_SUCCESS
2026-10-05 23:31:28,945 | INFO | rag_app | Document chunking completed source_file='ch 10 The Human Eye and the Colourful World.pdf' document_id='5512e5091a616e412bb96a4497bcd2abd6c89f30a4ad1cae84edcbe2277b350e' status=FULL_SUCCESS
2026-10-05 23:31:28,945 | INFO | rag_app | Document chunking completed source_file='ch 10 The Human Eye and the Colourful World.pdf' document_id='5512e5091a616e412bb96a4497bcd2abd6c89f30a4ad1cae84edcbe2277b350e' status=FULL_SUCCESS
2026-10-05 23:31:28,948 | INFO | rag_app | Document chunking completed source_file='ch 10 The Human Eye and the Colourful World.pdf' document_id='5512e5091a616e412bb96a4497bcd2abd6c89f30a4ad1cae84edcbe2277b350e' status=FULL_SUCCESS
2026-10-05 23:31:28,948 | INFO | rag_app | Document chunking completed source_file='ch 10 The Human Eye and the Colourful World.pdf' document_id='5512e5091a616e412bb96a4497bcd2abd6c89f30a4ad1cae84edcbe2277b350e' status=FULL_SUCCESS
2026-10-05 23:31:28,962 | INFO | rag_app | Document chunking completed source_file='ch 10 The Human Eye and the Colourful World.pdf' document_id='5512e5091a616e412bb96a4497bcd2abd6c89f30a4ad1cae84edcbe2277b350e' status=FULL_SUCCESS
2026-10-05 23:31:28,964 | INFO | rag_app | Document chunking completed source_file='ch 10 The Human Eye and the Colourful World.pdf' document_id='5512e5091a616e412bb96a4497bcd2abd6c89f30a4ad1cae84edcbe2277b350e' status=FULL_SUCCESS
2026-10-05 23:31:28,965 | INFO | rag_app | Document chunking completed source_file='ch 10 The Human Eye and the Colourful World.pdf' document_id='5512e5091a616e412bb96a4497bcd2abd6c89f30a4ad1cae84edcbe2277b350e' status=FULL_SUCCESS
2026-10-05 23:31:28,966 | INFO | rag_app | Document chunking completed source_file='ch 10 The Human Eye and the Colourful World.pdf' document_id='5512e5091a616e412bb96a4497bcd2abd6c89f30a4ad1cae84edcbe2277b350e' status=FULL_SUCCESS
2026-10-05 23:31:28,966 | INFO | rag_app | Document chunking completed source_file='ch 10 The Human Eye and the Colourful World.pdf' document_id='5512e5091a616e412bb96a4497bcd2abd6c89f30a4ad1cae84edcbe2277b350e' status=FULL_SUCCESS
2026-10-05 23:31:28,967 | INFO | rag_app | Document chunking completed source_file='ch 10 The Human Eye and the Colourful World.pdf' document_id='5512e5091a616e412bb96a4497bcd2abd6c89f30a4ad1cae84edcbe2277b350e' status=FULL_SUCCESS
2026-10-05 23:31:28,978 | INFO | rag_app | Document chunking completed source_file='ch 10 The Human Eye and the Colourful World.pdf' document_id='5512e5091a616e412bb96a4497bcd2abd6c89f30a4ad1cae84edcbe2277b350e' status=FULL_SUCCESS
2026-10-05 23:31:28,980 | INFO | rag_app | Document chunking completed source_file='ch 10 The Human Eye and the Colourful World.pdf' document_id='5512e5091a616e412bb96a4497bcd2abd6c89f30a4ad1cae84edcbe2277b350e' status=FULL_SUCCESS
2026-10-05 23:31:29,929 | INFO | rag_app | Document chunking completed source_file='ch 10 The Human Eye and the Colourful World.pdf' document_id='5512e5091a616e412bb96a4497bcd2abd6c89f30a4ad1cae84edcbe2277b350e' status=FULL_SUCCESS
2026-10-05 23:31:29,941 | INFO | rag_app | Document chunking completed source_file='ch 10 The Human Eye and the Colourful World.pdf' document_id='5512e5091a616e412bb96a4497bcd2abd6c89f30a4ad1cae84edcbe2277b350e' status=FULL_SUCCESS
2026-10-05 23:31:29,944 | INFO | rag_app | Document chunking completed source_file='ch 10 The Human Eye and the Colourful World.pdf' document_id='5512e5091a616e412bb96a4497bcd2abd6c89f30a4ad1cae84edcbe2277b350e' status=FULL_SUCCESS
2026-10-05 23:31:29,964 | INFO | rag_app | Document chunking completed source_file='ch 10 The Human Eye and the Colourful World.pdf' document_id='5512e5091a616e412bb96a4497bcd2abd6c89f30a4ad1cae84edcbe2277b350e' status=FULL_SUCCESS
2026-10-05 23:31:29,975 | INFO | rag_app | Document chunking completed source_file='ch 10 The Human Eye and the Colourful World.pdf' document_id='5512e5091a616e412bb96a4497bcd2abd6c89f30a4ad1cae84edcbe2277b350e' status=FULL_SUCCESS
2026-10-05 23:31:29,976 | INFO | rag_app | Document chunking completed source_file='ch 10 The Human Eye and the Colourful World.pdf' document_id='5512e5091a616e412bb96a4497bcd2abd6c89f30a4ad1cae84edcbe2277b350e' status=FULL_SUCCESS
2026-10-05 23:31:29,986 | INFO | rag_app | Document chunking completed source_file='ch 10 The Human Eye and the Colourful World.pdf' document_id='5512e5091a616e412bb96a4497bcd2abd6c89f30a4ad1cae84edcbe2277b350e' status=FULL_SUCCESS
2026-10-05 23:31:29,999 | INFO | rag_app | Document chunking completed source_file='ch 10 The Human Eye and the Colourful World.pdf' document_id='5512e5091a616e412bb96a4497bcd2abd6c89f30a4ad1cae84edcbe2277b350e' status=FULL_SUCCESS
2026-10-05 23:31:30,046 | INFO | rag_app | Document chunking completed source_file='ch 12 Magnetic Effects and Electirc Current.pdf' document_id='f2a9e3605cad81e4a2c5c8cf9ca12dced89238a7daa6708f539310006f2402d4' status=FULL_SUCCESS
2026-10-05 23:31:30,046 | INFO | rag_app | Document chunking completed source_file='ch 12 Magnetic Effects and Electirc Current.pdf' document_id='f2a9e3605cad81e4a2c5c8cf9ca12dced89238a7daa6708f539310006f2402d4' status=FULL_SUCCESS
2026-10-05 23:31:30,048 | INFO | rag_app | Document chunking completed source_file='ch 12 Magnetic Effects and Electirc Current.pdf' document_id='f2a9e3605cad81e4a2c5c8cf9ca12dced89238a7daa6708f539310006f2402d4' status=FULL_SUCCESS
2026-10-05 23:31:30,048 | INFO | rag_app | Document chunking completed source_file='ch 12 Magnetic Effects and Electirc Current.pdf' document_id='f2a9e3605cad81e4a2c5c8cf9ca12dced89238a7daa6708f539310006f2402d4' status=FULL_SUCCESS
2026-10-05 23:31:30,050 | INFO | rag_app | Document chunking completed source_file='ch 12 Magnetic Effects and Electirc Current.pdf' document_id='f2a9e3605cad81e4a2c5c8cf9ca12dced89238a7daa6708f539310006f2402d4' status=FULL_SUCCESS
2026-10-05 23:31:30,058 | INFO | rag_app | Document chunking completed source_file='ch 12 Magnetic Effects and Electirc Current.pdf' document_id='f2a9e3605cad81e4a2c5c8cf9ca12dced89238a7daa6708f539310006f2402d4' status=FULL_SUCCESS
2026-10-05 23:31:30,078 | INFO | rag_app | Document chunking completed source_file='ch 12 Magnetic Effects and Electirc Current.pdf' document_id='f2a9e3605cad81e4a2c5c8cf9ca12dced89238a7daa6708f539310006f2402d4' status=FULL_SUCCESS
2026-10-05 23:31:30,079 | INFO | rag_app | Document chunking completed source_file='ch 12 Magnetic Effects and Electirc Current.pdf' document_id='f2a9e3605cad81e4a2c5c8cf9ca12dced89238a7daa6708f539310006f2402d4' status=FULL_SUCCESS
2026-10-05 23:31:30,086 | INFO | rag_app | Document chunking completed source_file='ch 12 Magnetic Effects and Electirc Current.pdf' document_id='f2a9e3605cad81e4a2c5c8cf9ca12dced89238a7daa6708f539310006f2402d4' status=FULL_SUCCESS
2026-10-05 23:31:30,087 | INFO | rag_app | Document chunking completed source_file='ch 12 Magnetic Effects and Electirc Current.pdf' document_id='f2a9e3605cad81e4a2c5c8cf9ca12dced89238a7daa6708f539310006f2402d4' status=FULL_SUCCESS
2026-10-05 23:31:30,101 | INFO | rag_app | Document chunking completed source_file='ch 12 Magnetic Effects and Electirc Current.pdf' document_id='f2a9e3605cad81e4a2c5c8cf9ca12dced89238a7daa6708f539310006f2402d4' status=FULL_SUCCESS
2026-10-05 23:31:30,111 | INFO | rag_app | Document chunking completed source_file='ch 12 Magnetic Effects and Electirc Current.pdf' document_id='f2a9e3605cad81e4a2c5c8cf9ca12dced89238a7daa6708f539310006f2402d4' status=FULL_SUCCESS
2026-10-05 23:31:30,132 | INFO | rag_app | Document chunking completed source_file='ch 12 Magnetic Effects and Electirc Current.pdf' document_id='f2a9e3605cad81e4a2c5c8cf9ca12dced89238a7daa6708f539310006f2402d4' status=FULL_SUCCESS
2026-10-05 23:31:30,137 | INFO | rag_app | Document chunking completed source_file='ch 12 Magnetic Effects and Electirc Current.pdf' document_id='f2a9e3605cad81e4a2c5c8cf9ca12dced89238a7daa6708f539310006f2402d4' status=FULL_SUCCESS
2026-10-05 23:31:30,139 | INFO | rag_app | Document chunking completed source_file='ch 12 Magnetic Effects and Electirc Current.pdf' document_id='f2a9e3605cad81e4a2c5c8cf9ca12dced89238a7daa6708f539310006f2402d4' status=FULL_SUCCESS
2026-10-05 23:31:30,141 | INFO | rag_app | Document chunking completed source_file='ch 12 Magnetic Effects and Electirc Current.pdf' document_id='f2a9e3605cad81e4a2c5c8cf9ca12dced89238a7daa6708f539310006f2402d4' status=FULL_SUCCESS
2026-10-05 23:31:30,225 | INFO | rag_app | Document chunking completed source_file='ch 12 Magnetic Effects and Electirc Current.pdf' document_id='f2a9e3605cad81e4a2c5c8cf9ca12dced89238a7daa6708f539310006f2402d4' status=FULL_SUCCESS
2026-10-05 23:31:30,227 | INFO | rag_app | Document chunking completed source_file='ch 12 Magnetic Effects and Electirc Current.pdf' document_id='f2a9e3605cad81e4a2c5c8cf9ca12dced89238a7daa6708f539310006f2402d4' status=FULL_SUCCESS
2026-10-05 23:31:30,231 | INFO | rag_app | Document chunking completed source_file='ch 12 Magnetic Effects and Electirc Current.pdf' document_id='f2a9e3605cad81e4a2c5c8cf9ca12dced89238a7daa6708f539310006f2402d4' status=FULL_SUCCESS
2026-10-05 23:31:30,249 | INFO | rag_app | Document chunking completed source_file='ch 12 Magnetic Effects and Electirc Current.pdf' document_id='f2a9e3605cad81e4a2c5c8cf9ca12dced89238a7daa6708f539310006f2402d4' status=FULL_SUCCESS
2026-10-05 23:31:30,251 | INFO | rag_app | Document chunking completed source_file='ch 12 Magnetic Effects and Electirc Current.pdf' document_id='f2a9e3605cad81e4a2c5c8cf9ca12dced89238a7daa6708f539310006f2402d4' status=FULL_SUCCESS
2026-10-05 23:31:30,252 | INFO | rag_app | Document chunking completed source_file='ch 12 Magnetic Effects and Electirc Current.pdf' document_id='f2a9e3605cad81e4a2c5c8cf9ca12dced89238a7daa6708f539310006f2402d4' status=FULL_SUCCESS
2026-10-05 23:31:30,254 | INFO | rag_app | Document chunking completed source_file='ch 12 Magnetic Effects and Electirc Current.pdf' document_id='f2a9e3605cad81e4a2c5c8cf9ca12dced89238a7daa6708f539310006f2402d4' status=FULL_SUCCESS
2026-10-05 23:31:30,255 | INFO | rag_app | Document chunking completed source_file='ch 12 Magnetic Effects and Electirc Current.pdf' document_id='f2a9e3605cad81e4a2c5c8cf9ca12dced89238a7daa6708f539310006f2402d4' status=FULL_SUCCESS
2026-10-05 23:31:30,257 | INFO | rag_app | Document chunking completed source_file='ch 12 Magnetic Effects and Electirc Current.pdf' document_id='f2a9e3605cad81e4a2c5c8cf9ca12dced89238a7daa6708f539310006f2402d4' status=FULL_SUCCESS
2026-10-05 23:31:30,259 | INFO | rag_app | Document chunking completed source_file='ch 12 Magnetic Effects and Electirc Current.pdf' document_id='f2a9e3605cad81e4a2c5c8cf9ca12dced89238a7daa6708f539310006f2402d4' status=FULL_SUCCESS
2026-10-05 23:31:30,274 | INFO | rag_app | Document chunking completed source_file='ch 12 Magnetic Effects and Electirc Current.pdf' document_id='f2a9e3605cad81e4a2c5c8cf9ca12dced89238a7daa6708f539310006f2402d4' status=FULL_SUCCESS
2026-10-05 23:31:30,278 | INFO | rag_app | Document chunking completed source_file='ch 12 Magnetic Effects and Electirc Current.pdf' document_id='f2a9e3605cad81e4a2c5c8cf9ca12dced89238a7daa6708f539310006f2402d4' status=FULL_SUCCESS
2026-10-05 23:31:30,283 | INFO | rag_app | Document chunking completed source_file='ch 12 Magnetic Effects and Electirc Current.pdf' document_id='f2a9e3605cad81e4a2c5c8cf9ca12dced89238a7daa6708f539310006f2402d4' status=FULL_SUCCESS
2026-10-05 23:31:30,289 | INFO | rag_app | Document chunking completed source_file='ch 13 Our Environment.pdf' document_id='360eb1117491001042507ecf2a7a0887907cd71b9a944a6d0b23f2f030579836' status=FULL_SUCCESS
2026-10-05 23:31:30,290 | INFO | rag_app | Document chunking completed source_file='ch 13 Our Environment.pdf' document_id='360eb1117491001042507ecf2a7a0887907cd71b9a944a6d0b23f2f030579836' status=FULL_SUCCESS
2026-10-05 23:31:30,290 | INFO | rag_app | Document chunking completed source_file='ch 13 Our Environment.pdf' document_id='360eb1117491001042507ecf2a7a0887907cd71b9a944a6d0b23f2f030579836' status=FULL_SUCCESS
2026-10-05 23:31:30,290 | INFO | rag_app | Document chunking completed source_file='ch 13 Our Environment.pdf' document_id='360eb1117491001042507ecf2a7a0887907cd71b9a944a6d0b23f2f030579836' status=FULL_SUCCESS
2026-10-05 23:31:30,292 | INFO | rag_app | Document chunking completed source_file='ch 13 Our Environment.pdf' document_id='360eb1117491001042507ecf2a7a0887907cd71b9a944a6d0b23f2f030579836' status=FULL_SUCCESS
2026-10-05 23:31:30,315 | INFO | rag_app | Document chunking completed source_file='ch 13 Our Environment.pdf' document_id='360eb1117491001042507ecf2a7a0887907cd71b9a944a6d0b23f2f030579836' status=FULL_SUCCESS
2026-10-05 23:31:30,341 | INFO | rag_app | Document chunking completed source_file='ch 13 Our Environment.pdf' document_id='360eb1117491001042507ecf2a7a0887907cd71b9a944a6d0b23f2f030579836' status=FULL_SUCCESS
2026-10-05 23:31:30,341 | INFO | rag_app | Document chunking completed source_file='ch 13 Our Environment.pdf' document_id='360eb1117491001042507ecf2a7a0887907cd71b9a944a6d0b23f2f030579836' status=FULL_SUCCESS
2026-10-05 23:31:30,371 | INFO | rag_app | Document chunking completed source_file='ch 13 Our Environment.pdf' document_id='360eb1117491001042507ecf2a7a0887907cd71b9a944a6d0b23f2f030579836' status=FULL_SUCCESS
2026-10-05 23:31:30,378 | INFO | rag_app | Document chunking completed source_file='ch 13 Our Environment.pdf' document_id='360eb1117491001042507ecf2a7a0887907cd71b9a944a6d0b23f2f030579836' status=FULL_SUCCESS
2026-10-05 23:31:30,379 | INFO | rag_app | Document chunking completed source_file='ch 13 Our Environment.pdf' document_id='360eb1117491001042507ecf2a7a0887907cd71b9a944a6d0b23f2f030579836' status=FULL_SUCCESS
2026-10-05 23:31:30,381 | INFO | rag_app | Document chunking completed source_file='ch 13 Our Environment.pdf' document_id='360eb1117491001042507ecf2a7a0887907cd71b9a944a6d0b23f2f030579836' status=FULL_SUCCESS
2026-10-05 23:31:30,385 | INFO | rag_app | Document chunking completed source_file='ch 13 Our Environment.pdf' document_id='360eb1117491001042507ecf2a7a0887907cd71b9a944a6d0b23f2f030579836' status=FULL_SUCCESS
2026-10-05 23:31:30,397 | INFO | rag_app | Document chunking completed source_file='ch 13 Our Environment.pdf' document_id='360eb1117491001042507ecf2a7a0887907cd71b9a944a6d0b23f2f030579836' status=FULL_SUCCESS
2026-10-05 23:31:30,399 | INFO | rag_app | Document chunking completed source_file='ch 13 Our Environment.pdf' document_id='360eb1117491001042507ecf2a7a0887907cd71b9a944a6d0b23f2f030579836' status=FULL_SUCCESS
2026-10-05 23:31:30,411 | INFO | rag_app | Document chunking completed source_file='ch 13 Our Environment.pdf' document_id='360eb1117491001042507ecf2a7a0887907cd71b9a944a6d0b23f2f030579836' status=FULL_SUCCESS
2026-10-05 23:31:30,411 | INFO | rag_app | Document chunking completed source_file='ch 13 Our Environment.pdf' document_id='360eb1117491001042507ecf2a7a0887907cd71b9a944a6d0b23f2f030579836' status=FULL_SUCCESS
2026-10-05 23:31:30,411 | INFO | rag_app | Document chunking completed source_file='ch 13 Our Environment.pdf' document_id='360eb1117491001042507ecf2a7a0887907cd71b9a944a6d0b23f2f030579836' status=FULL_SUCCESS
2026-10-05 23:31:30,411 | INFO | rag_app | Document chunking completed source_file='ch 2 Acids Bases and Salts.pdf' document_id='20d1cf431a694b3d2399ec9907e05b8eb88d83f12ee6e8d3bf4f7a055bdc01f9' status=FULL_SUCCESS
2026-10-05 23:31:30,411 | INFO | rag_app | Document chunking completed source_file='ch 2 Acids Bases and Salts.pdf' document_id='20d1cf431a694b3d2399ec9907e05b8eb88d83f12ee6e8d3bf4f7a055bdc01f9' status=FULL_SUCCESS
2026-10-05 23:31:30,417 | INFO | rag_app | Document chunking completed source_file='ch 2 Acids Bases and Salts.pdf' document_id='20d1cf431a694b3d2399ec9907e05b8eb88d83f12ee6e8d3bf4f7a055bdc01f9' status=FULL_SUCCESS
2026-10-05 23:31:30,426 | INFO | rag_app | Document chunking completed source_file='ch 2 Acids Bases and Salts.pdf' document_id='20d1cf431a694b3d2399ec9907e05b8eb88d83f12ee6e8d3bf4f7a055bdc01f9' status=FULL_SUCCESS
2026-10-05 23:31:30,427 | INFO | rag_app | Document chunking completed source_file='ch 2 Acids Bases and Salts.pdf' document_id='20d1cf431a694b3d2399ec9907e05b8eb88d83f12ee6e8d3bf4f7a055bdc01f9' status=FULL_SUCCESS
2026-10-05 23:31:30,439 | INFO | rag_app | Document chunking completed source_file='ch 2 Acids Bases and Salts.pdf' document_id='20d1cf431a694b3d2399ec9907e05b8eb88d83f12ee6e8d3bf4f7a055bdc01f9' status=FULL_SUCCESS
2026-10-05 23:31:30,441 | INFO | rag_app | Document chunking completed source_file='ch 2 Acids Bases and Salts.pdf' document_id='20d1cf431a694b3d2399ec9907e05b8eb88d83f12ee6e8d3bf4f7a055bdc01f9' status=FULL_SUCCESS
2026-10-05 23:31:30,441 | INFO | rag_app | Document chunking completed source_file='ch 2 Acids Bases and Salts.pdf' document_id='20d1cf431a694b3d2399ec9907e05b8eb88d83f12ee6e8d3bf4f7a055bdc01f9' status=FULL_SUCCESS
2026-10-05 23:31:30,445 | INFO | rag_app | Document chunking completed source_file='ch 2 Acids Bases and Salts.pdf' document_id='20d1cf431a694b3d2399ec9907e05b8eb88d83f12ee6e8d3bf4f7a055bdc01f9' status=FULL_SUCCESS
2026-10-05 23:31:30,447 | INFO | rag_app | Document chunking completed source_file='ch 2 Acids Bases and Salts.pdf' document_id='20d1cf431a694b3d2399ec9907e05b8eb88d83f12ee6e8d3bf4f7a055bdc01f9' status=FULL_SUCCESS
2026-10-05 23:31:30,447 | INFO | rag_app | Document chunking completed source_file='ch 2 Acids Bases and Salts.pdf' document_id='20d1cf431a694b3d2399ec9907e05b8eb88d83f12ee6e8d3bf4f7a055bdc01f9' status=FULL_SUCCESS
2026-10-05 23:31:30,449 | INFO | rag_app | Document chunking completed source_file='ch 2 Acids Bases and Salts.pdf' document_id='20d1cf431a694b3d2399ec9907e05b8eb88d83f12ee6e8d3bf4f7a055bdc01f9' status=FULL_SUCCESS
2026-10-05 23:31:30,449 | INFO | rag_app | Document chunking completed source_file='ch 2 Acids Bases and Salts.pdf' document_id='20d1cf431a694b3d2399ec9907e05b8eb88d83f12ee6e8d3bf4f7a055bdc01f9' status=FULL_SUCCESS
2026-10-05 23:31:30,450 | INFO | rag_app | Document chunking completed source_file='ch 2 Acids Bases and Salts.pdf' document_id='20d1cf431a694b3d2399ec9907e05b8eb88d83f12ee6e8d3bf4f7a055bdc01f9' status=FULL_SUCCESS
2026-10-05 23:31:30,450 | INFO | rag_app | Document chunking completed source_file='ch 2 Acids Bases and Salts.pdf' document_id='20d1cf431a694b3d2399ec9907e05b8eb88d83f12ee6e8d3bf4f7a055bdc01f9' status=FULL_SUCCESS
2026-10-05 23:31:30,455 | INFO | rag_app | Document chunking completed source_file='ch 2 Acids Bases and Salts.pdf' document_id='20d1cf431a694b3d2399ec9907e05b8eb88d83f12ee6e8d3bf4f7a055bdc01f9' status=FULL_SUCCESS
2026-10-05 23:31:31,469 | INFO | rag_app | Document chunking completed source_file='ch 2 Acids Bases and Salts.pdf' document_id='20d1cf431a694b3d2399ec9907e05b8eb88d83f12ee6e8d3bf4f7a055bdc01f9' status=FULL_SUCCESS
2026-10-05 23:31:31,470 | INFO | rag_app | Document chunking completed source_file='ch 2 Acids Bases and Salts.pdf' document_id='20d1cf431a694b3d2399ec9907e05b8eb88d83f12ee6e8d3bf4f7a055bdc01f9' status=FULL_SUCCESS
2026-10-05 23:31:31,471 | INFO | rag_app | Document chunking completed source_file='ch 2 Acids Bases and Salts.pdf' document_id='20d1cf431a694b3d2399ec9907e05b8eb88d83f12ee6e8d3bf4f7a055bdc01f9' status=FULL_SUCCESS
2026-10-05 23:31:31,480 | INFO | rag_app | Document chunking completed source_file='ch 2 Acids Bases and Salts.pdf' document_id='20d1cf431a694b3d2399ec9907e05b8eb88d83f12ee6e8d3bf4f7a055bdc01f9' status=FULL_SUCCESS
2026-10-05 23:31:31,481 | INFO | rag_app | Document chunking completed source_file='ch 2 Acids Bases and Salts.pdf' document_id='20d1cf431a694b3d2399ec9907e05b8eb88d83f12ee6e8d3bf4f7a055bdc01f9' status=FULL_SUCCESS
2026-10-05 23:31:31,483 | INFO | rag_app | Document chunking completed source_file='ch 2 Acids Bases and Salts.pdf' document_id='20d1cf431a694b3d2399ec9907e05b8eb88d83f12ee6e8d3bf4f7a055bdc01f9' status=FULL_SUCCESS
2026-10-05 23:31:31,487 | INFO | rag_app | Document chunking completed source_file='ch 2 Acids Bases and Salts.pdf' document_id='20d1cf431a694b3d2399ec9907e05b8eb88d83f12ee6e8d3bf4f7a055bdc01f9' status=FULL_SUCCESS
2026-10-05 23:31:31,488 | INFO | rag_app | Document chunking completed source_file='ch 2 Acids Bases and Salts.pdf' document_id='20d1cf431a694b3d2399ec9907e05b8eb88d83f12ee6e8d3bf4f7a055bdc01f9' status=FULL_SUCCESS
2026-10-05 23:31:31,488 | INFO | rag_app | Document chunking completed source_file='ch 2 Acids Bases and Salts.pdf' document_id='20d1cf431a694b3d2399ec9907e05b8eb88d83f12ee6e8d3bf4f7a055bdc01f9' status=FULL_SUCCESS
2026-10-05 23:31:31,490 | INFO | rag_app | Document chunking completed source_file='ch 2 Acids Bases and Salts.pdf' document_id='20d1cf431a694b3d2399ec9907e05b8eb88d83f12ee6e8d3bf4f7a055bdc01f9' status=FULL_SUCCESS
2026-10-05 23:31:31,491 | INFO | rag_app | Document chunking completed source_file='ch 2 Acids Bases and Salts.pdf' document_id='20d1cf431a694b3d2399ec9907e05b8eb88d83f12ee6e8d3bf4f7a055bdc01f9' status=FULL_SUCCESS
2026-10-05 23:31:31,492 | INFO | rag_app | Document chunking completed source_file='ch 2 Acids Bases and Salts.pdf' document_id='20d1cf431a694b3d2399ec9907e05b8eb88d83f12ee6e8d3bf4f7a055bdc01f9' status=FULL_SUCCESS
2026-10-05 23:31:31,527 | INFO | rag_app | Document chunking completed source_file='ch 2 Acids Bases and Salts.pdf' document_id='20d1cf431a694b3d2399ec9907e05b8eb88d83f12ee6e8d3bf4f7a055bdc01f9' status=FULL_SUCCESS
2026-10-05 23:31:31,529 | INFO | rag_app | Document chunking completed source_file='ch 2 Acids Bases and Salts.pdf' document_id='20d1cf431a694b3d2399ec9907e05b8eb88d83f12ee6e8d3bf4f7a055bdc01f9' status=FULL_SUCCESS
2026-10-05 23:31:31,529 | INFO | rag_app | Document chunking completed source_file='ch 2 Acids Bases and Salts.pdf' document_id='20d1cf431a694b3d2399ec9907e05b8eb88d83f12ee6e8d3bf4f7a055bdc01f9' status=FULL_SUCCESS
2026-10-05 23:31:31,533 | INFO | rag_app | Document chunking completed source_file='ch 2 Acids Bases and Salts.pdf' document_id='20d1cf431a694b3d2399ec9907e05b8eb88d83f12ee6e8d3bf4f7a055bdc01f9' status=FULL_SUCCESS
2026-10-05 23:31:31,539 | INFO | rag_app | Document chunking completed source_file='ch 2 Acids Bases and Salts.pdf' document_id='20d1cf431a694b3d2399ec9907e05b8eb88d83f12ee6e8d3bf4f7a055bdc01f9' status=FULL_SUCCESS
2026-10-05 23:31:31,542 | INFO | rag_app | Document chunking completed source_file='ch 2 Acids Bases and Salts.pdf' document_id='20d1cf431a694b3d2399ec9907e05b8eb88d83f12ee6e8d3bf4f7a055bdc01f9' status=FULL_SUCCESS
2026-10-05 23:31:31,576 | INFO | rag_app | Document chunking completed source_file='ch 2 Acids Bases and Salts.pdf' document_id='20d1cf431a694b3d2399ec9907e05b8eb88d83f12ee6e8d3bf4f7a055bdc01f9' status=FULL_SUCCESS
2026-10-05 23:31:31,582 | INFO | rag_app | Document chunking completed source_file='ch 2 Acids Bases and Salts.pdf' document_id='20d1cf431a694b3d2399ec9907e05b8eb88d83f12ee6e8d3bf4f7a055bdc01f9' status=FULL_SUCCESS
2026-10-05 23:31:31,582 | INFO | rag_app | Document chunking completed source_file='ch 2 Acids Bases and Salts.pdf' document_id='20d1cf431a694b3d2399ec9907e05b8eb88d83f12ee6e8d3bf4f7a055bdc01f9' status=FULL_SUCCESS
2026-10-05 23:31:31,589 | INFO | rag_app | Document chunking completed source_file='ch 2 Acids Bases and Salts.pdf' document_id='20d1cf431a694b3d2399ec9907e05b8eb88d83f12ee6e8d3bf4f7a055bdc01f9' status=FULL_SUCCESS
2026-10-05 23:31:31,592 | INFO | rag_app | Document chunking completed source_file='ch 2 Acids Bases and Salts.pdf' document_id='20d1cf431a694b3d2399ec9907e05b8eb88d83f12ee6e8d3bf4f7a055bdc01f9' status=FULL_SUCCESS
2026-10-05 23:31:31,592 | INFO | rag_app | Document chunking completed source_file='ch 2 Acids Bases and Salts.pdf' document_id='20d1cf431a694b3d2399ec9907e05b8eb88d83f12ee6e8d3bf4f7a055bdc01f9' status=FULL_SUCCESS
2026-10-05 23:31:31,594 | INFO | rag_app | Document chunking completed source_file='ch 2 Acids Bases and Salts.pdf' document_id='20d1cf431a694b3d2399ec9907e05b8eb88d83f12ee6e8d3bf4f7a055bdc01f9' status=FULL_SUCCESS
2026-10-05 23:31:31,595 | INFO | rag_app | Document chunking completed source_file='ch 2 Acids Bases and Salts.pdf' document_id='20d1cf431a694b3d2399ec9907e05b8eb88d83f12ee6e8d3bf4f7a055bdc01f9' status=FULL_SUCCESS
2026-10-05 23:31:31,692 | INFO | rag_app | Document chunking completed source_file='ch 2 Acids Bases and Salts.pdf' document_id='20d1cf431a694b3d2399ec9907e05b8eb88d83f12ee6e8d3bf4f7a055bdc01f9' status=FULL_SUCCESS
2026-10-05 23:31:31,694 | INFO | rag_app | Document chunking completed source_file='ch 2 Acids Bases and Salts.pdf' document_id='20d1cf431a694b3d2399ec9907e05b8eb88d83f12ee6e8d3bf4f7a055bdc01f9' status=FULL_SUCCESS
2026-10-05 23:31:31,696 | INFO | rag_app | Document chunking completed source_file='ch 2 Acids Bases and Salts.pdf' document_id='20d1cf431a694b3d2399ec9907e05b8eb88d83f12ee6e8d3bf4f7a055bdc01f9' status=FULL_SUCCESS
2026-10-05 23:31:31,713 | INFO | rag_app | Document chunking completed source_file='ch 2 Acids Bases and Salts.pdf' document_id='20d1cf431a694b3d2399ec9907e05b8eb88d83f12ee6e8d3bf4f7a055bdc01f9' status=FULL_SUCCESS
2026-10-05 23:31:31,713 | INFO | rag_app | Document chunking completed source_file='ch 2 Acids Bases and Salts.pdf' document_id='20d1cf431a694b3d2399ec9907e05b8eb88d83f12ee6e8d3bf4f7a055bdc01f9' status=FULL_SUCCESS
2026-10-05 23:31:31,724 | INFO | rag_app | Document chunking completed source_file='ch 2 Acids Bases and Salts.pdf' document_id='20d1cf431a694b3d2399ec9907e05b8eb88d83f12ee6e8d3bf4f7a055bdc01f9' status=FULL_SUCCESS
2026-10-05 23:31:31,726 | INFO | rag_app | Document chunking completed source_file='ch 2 Acids Bases and Salts.pdf' document_id='20d1cf431a694b3d2399ec9907e05b8eb88d83f12ee6e8d3bf4f7a055bdc01f9' status=FULL_SUCCESS
2026-10-05 23:31:31,729 | INFO | rag_app | Document chunking completed source_file='ch 2 Acids Bases and Salts.pdf' document_id='20d1cf431a694b3d2399ec9907e05b8eb88d83f12ee6e8d3bf4f7a055bdc01f9' status=FULL_SUCCESS
2026-10-05 23:31:31,737 | INFO | rag_app | Document chunking completed source_file='ch 2 Acids Bases and Salts.pdf' document_id='20d1cf431a694b3d2399ec9907e05b8eb88d83f12ee6e8d3bf4f7a055bdc01f9' status=FULL_SUCCESS
2026-10-05 23:31:31,744 | INFO | rag_app | Document chunking completed source_file='ch 2 Acids Bases and Salts.pdf' document_id='20d1cf431a694b3d2399ec9907e05b8eb88d83f12ee6e8d3bf4f7a055bdc01f9' status=FULL_SUCCESS
2026-10-05 23:31:31,747 | INFO | rag_app | Document chunking completed source_file='ch 2 Acids Bases and Salts.pdf' document_id='20d1cf431a694b3d2399ec9907e05b8eb88d83f12ee6e8d3bf4f7a055bdc01f9' status=FULL_SUCCESS
2026-10-05 23:31:31,749 | INFO | rag_app | Document chunking completed source_file='ch 2 Acids Bases and Salts.pdf' document_id='20d1cf431a694b3d2399ec9907e05b8eb88d83f12ee6e8d3bf4f7a055bdc01f9' status=FULL_SUCCESS
2026-10-05 23:31:31,751 | INFO | rag_app | Document chunking completed source_file='ch 3 Metals and Non-metals.pdf' document_id='293075340dfa0b0a061452e73d5087cfbe59a76d83255072796305caa374c899' status=FULL_SUCCESS
2026-10-05 23:31:31,755 | INFO | rag_app | Document chunking completed source_file='ch 3 Metals and Non-metals.pdf' document_id='293075340dfa0b0a061452e73d5087cfbe59a76d83255072796305caa374c899' status=FULL_SUCCESS
2026-10-05 23:31:31,756 | INFO | rag_app | Document chunking completed source_file='ch 3 Metals and Non-metals.pdf' document_id='293075340dfa0b0a061452e73d5087cfbe59a76d83255072796305caa374c899' status=FULL_SUCCESS
2026-10-05 23:31:31,761 | INFO | rag_app | Document chunking completed source_file='ch 3 Metals and Non-metals.pdf' document_id='293075340dfa0b0a061452e73d5087cfbe59a76d83255072796305caa374c899' status=FULL_SUCCESS
2026-10-05 23:31:31,763 | INFO | rag_app | Document chunking completed source_file='ch 3 Metals and Non-metals.pdf' document_id='293075340dfa0b0a061452e73d5087cfbe59a76d83255072796305caa374c899' status=FULL_SUCCESS
2026-10-05 23:31:31,764 | INFO | rag_app | Document chunking completed source_file='ch 3 Metals and Non-metals.pdf' document_id='293075340dfa0b0a061452e73d5087cfbe59a76d83255072796305caa374c899' status=FULL_SUCCESS
2026-10-05 23:31:31,777 | INFO | rag_app | Document chunking completed source_file='ch 3 Metals and Non-metals.pdf' document_id='293075340dfa0b0a061452e73d5087cfbe59a76d83255072796305caa374c899' status=FULL_SUCCESS
2026-10-05 23:31:31,781 | INFO | rag_app | Document chunking completed source_file='ch 3 Metals and Non-metals.pdf' document_id='293075340dfa0b0a061452e73d5087cfbe59a76d83255072796305caa374c899' status=FULL_SUCCESS
2026-10-05 23:31:31,782 | INFO | rag_app | Document chunking completed source_file='ch 3 Metals and Non-metals.pdf' document_id='293075340dfa0b0a061452e73d5087cfbe59a76d83255072796305caa374c899' status=FULL_SUCCESS
2026-10-05 23:31:31,784 | INFO | rag_app | Document chunking completed source_file='ch 3 Metals and Non-metals.pdf' document_id='293075340dfa0b0a061452e73d5087cfbe59a76d83255072796305caa374c899' status=FULL_SUCCESS
2026-10-05 23:31:31,787 | INFO | rag_app | Document chunking completed source_file='ch 3 Metals and Non-metals.pdf' document_id='293075340dfa0b0a061452e73d5087cfbe59a76d83255072796305caa374c899' status=FULL_SUCCESS
2026-10-05 23:31:31,788 | INFO | rag_app | Document chunking completed source_file='ch 3 Metals and Non-metals.pdf' document_id='293075340dfa0b0a061452e73d5087cfbe59a76d83255072796305caa374c899' status=FULL_SUCCESS
2026-10-05 23:31:31,792 | INFO | rag_app | Document chunking completed source_file='ch 3 Metals and Non-metals.pdf' document_id='293075340dfa0b0a061452e73d5087cfbe59a76d83255072796305caa374c899' status=FULL_SUCCESS
2026-10-05 23:31:31,793 | INFO | rag_app | Document chunking completed source_file='ch 3 Metals and Non-metals.pdf' document_id='293075340dfa0b0a061452e73d5087cfbe59a76d83255072796305caa374c899' status=FULL_SUCCESS
2026-10-05 23:31:31,793 | INFO | rag_app | Document chunking completed source_file='ch 3 Metals and Non-metals.pdf' document_id='293075340dfa0b0a061452e73d5087cfbe59a76d83255072796305caa374c899' status=FULL_SUCCESS
2026-10-05 23:31:31,795 | INFO | rag_app | Document chunking completed source_file='ch 3 Metals and Non-metals.pdf' document_id='293075340dfa0b0a061452e73d5087cfbe59a76d83255072796305caa374c899' status=FULL_SUCCESS
2026-10-05 23:31:31,796 | INFO | rag_app | Document chunking completed source_file='ch 3 Metals and Non-metals.pdf' document_id='293075340dfa0b0a061452e73d5087cfbe59a76d83255072796305caa374c899' status=FULL_SUCCESS
2026-10-05 23:31:31,810 | INFO | rag_app | Document chunking completed source_file='ch 3 Metals and Non-metals.pdf' document_id='293075340dfa0b0a061452e73d5087cfbe59a76d83255072796305caa374c899' status=FULL_SUCCESS
2026-10-05 23:31:31,813 | INFO | rag_app | Document chunking completed source_file='ch 3 Metals and Non-metals.pdf' document_id='293075340dfa0b0a061452e73d5087cfbe59a76d83255072796305caa374c899' status=FULL_SUCCESS
2026-10-05 23:31:31,820 | INFO | rag_app | Document chunking completed source_file='ch 3 Metals and Non-metals.pdf' document_id='293075340dfa0b0a061452e73d5087cfbe59a76d83255072796305caa374c899' status=FULL_SUCCESS
2026-10-05 23:31:31,822 | INFO | rag_app | Document chunking completed source_file='ch 3 Metals and Non-metals.pdf' document_id='293075340dfa0b0a061452e73d5087cfbe59a76d83255072796305caa374c899' status=FULL_SUCCESS
2026-10-05 23:31:31,822 | INFO | rag_app | Document chunking completed source_file='ch 3 Metals and Non-metals.pdf' document_id='293075340dfa0b0a061452e73d5087cfbe59a76d83255072796305caa374c899' status=FULL_SUCCESS
2026-10-05 23:31:31,825 | INFO | rag_app | Document chunking completed source_file='ch 3 Metals and Non-metals.pdf' document_id='293075340dfa0b0a061452e73d5087cfbe59a76d83255072796305caa374c899' status=FULL_SUCCESS
2026-10-05 23:31:31,837 | INFO | rag_app | Document chunking completed source_file='ch 3 Metals and Non-metals.pdf' document_id='293075340dfa0b0a061452e73d5087cfbe59a76d83255072796305caa374c899' status=FULL_SUCCESS
2026-10-05 23:31:31,838 | INFO | rag_app | Document chunking completed source_file='ch 3 Metals and Non-metals.pdf' document_id='293075340dfa0b0a061452e73d5087cfbe59a76d83255072796305caa374c899' status=FULL_SUCCESS
2026-10-05 23:31:31,857 | INFO | rag_app | Document chunking completed source_file='ch 3 Metals and Non-metals.pdf' document_id='293075340dfa0b0a061452e73d5087cfbe59a76d83255072796305caa374c899' status=FULL_SUCCESS
2026-10-05 23:31:31,860 | INFO | rag_app | Document chunking completed source_file='ch 3 Metals and Non-metals.pdf' document_id='293075340dfa0b0a061452e73d5087cfbe59a76d83255072796305caa374c899' status=FULL_SUCCESS
2026-10-05 23:31:31,861 | INFO | rag_app | Document chunking completed source_file='ch 3 Metals and Non-metals.pdf' document_id='293075340dfa0b0a061452e73d5087cfbe59a76d83255072796305caa374c899' status=FULL_SUCCESS
2026-10-05 23:31:31,862 | INFO | rag_app | Document chunking completed source_file='ch 3 Metals and Non-metals.pdf' document_id='293075340dfa0b0a061452e73d5087cfbe59a76d83255072796305caa374c899' status=FULL_SUCCESS
2026-10-05 23:31:31,863 | INFO | rag_app | Document chunking completed source_file='ch 3 Metals and Non-metals.pdf' document_id='293075340dfa0b0a061452e73d5087cfbe59a76d83255072796305caa374c899' status=FULL_SUCCESS
2026-10-05 23:31:31,863 | INFO | rag_app | Document chunking completed source_file='ch 3 Metals and Non-metals.pdf' document_id='293075340dfa0b0a061452e73d5087cfbe59a76d83255072796305caa374c899' status=FULL_SUCCESS
2026-10-05 23:31:31,865 | INFO | rag_app | Document chunking completed source_file='ch 3 Metals and Non-metals.pdf' document_id='293075340dfa0b0a061452e73d5087cfbe59a76d83255072796305caa374c899' status=FULL_SUCCESS
2026-10-05 23:31:31,871 | INFO | rag_app | Document chunking completed source_file='ch 3 Metals and Non-metals.pdf' document_id='293075340dfa0b0a061452e73d5087cfbe59a76d83255072796305caa374c899' status=FULL_SUCCESS
2026-10-05 23:31:31,872 | INFO | rag_app | Document chunking completed source_file='ch 3 Metals and Non-metals.pdf' document_id='293075340dfa0b0a061452e73d5087cfbe59a76d83255072796305caa374c899' status=FULL_SUCCESS
2026-10-05 23:31:31,880 | INFO | rag_app | Document chunking completed source_file='ch 3 Metals and Non-metals.pdf' document_id='293075340dfa0b0a061452e73d5087cfbe59a76d83255072796305caa374c899' status=FULL_SUCCESS
2026-10-05 23:31:31,882 | INFO | rag_app | Document chunking completed source_file='ch 3 Metals and Non-metals.pdf' document_id='293075340dfa0b0a061452e73d5087cfbe59a76d83255072796305caa374c899' status=FULL_SUCCESS
2026-10-05 23:31:31,882 | INFO | rag_app | Document chunking completed source_file='ch 3 Metals and Non-metals.pdf' document_id='293075340dfa0b0a061452e73d5087cfbe59a76d83255072796305caa374c899' status=FULL_SUCCESS
2026-10-05 23:31:31,892 | INFO | rag_app | Document chunking completed source_file='ch 3 Metals and Non-metals.pdf' document_id='293075340dfa0b0a061452e73d5087cfbe59a76d83255072796305caa374c899' status=FULL_SUCCESS
2026-10-05 23:31:31,893 | INFO | rag_app | Document chunking completed source_file='ch 3 Metals and Non-metals.pdf' document_id='293075340dfa0b0a061452e73d5087cfbe59a76d83255072796305caa374c899' status=FULL_SUCCESS
2026-10-05 23:31:31,895 | INFO | rag_app | Document chunking completed source_file='ch 3 Metals and Non-metals.pdf' document_id='293075340dfa0b0a061452e73d5087cfbe59a76d83255072796305caa374c899' status=FULL_SUCCESS
2026-10-05 23:31:31,896 | INFO | rag_app | Document chunking completed source_file='ch 3 Metals and Non-metals.pdf' document_id='293075340dfa0b0a061452e73d5087cfbe59a76d83255072796305caa374c899' status=FULL_SUCCESS
2026-10-05 23:31:31,898 | INFO | rag_app | Document chunking completed source_file='ch 3 Metals and Non-metals.pdf' document_id='293075340dfa0b0a061452e73d5087cfbe59a76d83255072796305caa374c899' status=FULL_SUCCESS
2026-10-05 23:31:31,900 | INFO | rag_app | Document chunking completed source_file='ch 3 Metals and Non-metals.pdf' document_id='293075340dfa0b0a061452e73d5087cfbe59a76d83255072796305caa374c899' status=FULL_SUCCESS
2026-10-05 23:31:31,901 | INFO | rag_app | Document chunking completed source_file='ch 3 Metals and Non-metals.pdf' document_id='293075340dfa0b0a061452e73d5087cfbe59a76d83255072796305caa374c899' status=FULL_SUCCESS
2026-10-05 23:31:31,903 | INFO | rag_app | Document chunking completed source_file='ch 3 Metals and Non-metals.pdf' document_id='293075340dfa0b0a061452e73d5087cfbe59a76d83255072796305caa374c899' status=FULL_SUCCESS
2026-10-05 23:31:31,904 | INFO | rag_app | Document chunking completed source_file='ch 3 Metals and Non-metals.pdf' document_id='293075340dfa0b0a061452e73d5087cfbe59a76d83255072796305caa374c899' status=FULL_SUCCESS
2026-10-05 23:31:31,906 | INFO | rag_app | Document chunking completed source_file='ch 3 Metals and Non-metals.pdf' document_id='293075340dfa0b0a061452e73d5087cfbe59a76d83255072796305caa374c899' status=FULL_SUCCESS
2026-10-05 23:31:31,907 | INFO | rag_app | Document chunking completed source_file='ch 3 Metals and Non-metals.pdf' document_id='293075340dfa0b0a061452e73d5087cfbe59a76d83255072796305caa374c899' status=FULL_SUCCESS
2026-10-05 23:31:31,907 | INFO | rag_app | Document chunking completed source_file='ch 3 Metals and Non-metals.pdf' document_id='293075340dfa0b0a061452e73d5087cfbe59a76d83255072796305caa374c899' status=FULL_SUCCESS
2026-10-05 23:31:31,908 | INFO | rag_app | Document chunking completed source_file='ch 3 Metals and Non-metals.pdf' document_id='293075340dfa0b0a061452e73d5087cfbe59a76d83255072796305caa374c899' status=FULL_SUCCESS
2026-10-05 23:31:31,909 | INFO | rag_app | Document chunking completed source_file='ch 3 Metals and Non-metals.pdf' document_id='293075340dfa0b0a061452e73d5087cfbe59a76d83255072796305caa374c899' status=FULL_SUCCESS
2026-10-05 23:31:31,910 | INFO | rag_app | Document chunking completed source_file='ch 3 Metals and Non-metals.pdf' document_id='293075340dfa0b0a061452e73d5087cfbe59a76d83255072796305caa374c899' status=FULL_SUCCESS
2026-10-05 23:31:31,911 | INFO | rag_app | Document chunking completed source_file='ch 3 Metals and Non-metals.pdf' document_id='293075340dfa0b0a061452e73d5087cfbe59a76d83255072796305caa374c899' status=FULL_SUCCESS
2026-10-05 23:31:31,913 | INFO | rag_app | Document chunking completed source_file='ch 3 Metals and Non-metals.pdf' document_id='293075340dfa0b0a061452e73d5087cfbe59a76d83255072796305caa374c899' status=FULL_SUCCESS
2026-10-05 23:31:31,916 | INFO | rag_app | Document chunking completed source_file='ch 3 Metals and Non-metals.pdf' document_id='293075340dfa0b0a061452e73d5087cfbe59a76d83255072796305caa374c899' status=FULL_SUCCESS
2026-10-05 23:31:31,918 | INFO | rag_app | Document chunking completed source_file='ch 3 Metals and Non-metals.pdf' document_id='293075340dfa0b0a061452e73d5087cfbe59a76d83255072796305caa374c899' status=FULL_SUCCESS
2026-10-05 23:31:31,920 | INFO | rag_app | Document chunking completed source_file='ch 3 Metals and Non-metals.pdf' document_id='293075340dfa0b0a061452e73d5087cfbe59a76d83255072796305caa374c899' status=FULL_SUCCESS
2026-10-05 23:31:31,922 | INFO | rag_app | Document chunking completed source_file='ch 4 Carbon and its Compounds.pdf' document_id='6df43ff2fefeb1583b376d4d2a3267f4232a40a54f9498079a82e5f2213aff39' status=FULL_SUCCESS
2026-10-05 23:31:31,937 | INFO | rag_app | Document chunking completed source_file='ch 4 Carbon and its Compounds.pdf' document_id='6df43ff2fefeb1583b376d4d2a3267f4232a40a54f9498079a82e5f2213aff39' status=FULL_SUCCESS
2026-10-05 23:31:31,944 | INFO | rag_app | Document chunking completed source_file='ch 4 Carbon and its Compounds.pdf' document_id='6df43ff2fefeb1583b376d4d2a3267f4232a40a54f9498079a82e5f2213aff39' status=FULL_SUCCESS
2026-10-05 23:31:31,945 | INFO | rag_app | Document chunking completed source_file='ch 4 Carbon and its Compounds.pdf' document_id='6df43ff2fefeb1583b376d4d2a3267f4232a40a54f9498079a82e5f2213aff39' status=FULL_SUCCESS
2026-10-05 23:31:31,970 | INFO | rag_app | Document chunking completed source_file='ch 4 Carbon and its Compounds.pdf' document_id='6df43ff2fefeb1583b376d4d2a3267f4232a40a54f9498079a82e5f2213aff39' status=FULL_SUCCESS
2026-10-05 23:31:31,970 | INFO | rag_app | Document chunking completed source_file='ch 4 Carbon and its Compounds.pdf' document_id='6df43ff2fefeb1583b376d4d2a3267f4232a40a54f9498079a82e5f2213aff39' status=FULL_SUCCESS
2026-10-05 23:31:31,973 | INFO | rag_app | Document chunking completed source_file='ch 4 Carbon and its Compounds.pdf' document_id='6df43ff2fefeb1583b376d4d2a3267f4232a40a54f9498079a82e5f2213aff39' status=FULL_SUCCESS
2026-10-05 23:31:31,974 | INFO | rag_app | Document chunking completed source_file='ch 4 Carbon and its Compounds.pdf' document_id='6df43ff2fefeb1583b376d4d2a3267f4232a40a54f9498079a82e5f2213aff39' status=FULL_SUCCESS
2026-10-05 23:31:31,975 | INFO | rag_app | Document chunking completed source_file='ch 4 Carbon and its Compounds.pdf' document_id='6df43ff2fefeb1583b376d4d2a3267f4232a40a54f9498079a82e5f2213aff39' status=FULL_SUCCESS
2026-10-05 23:31:31,976 | INFO | rag_app | Document chunking completed source_file='ch 4 Carbon and its Compounds.pdf' document_id='6df43ff2fefeb1583b376d4d2a3267f4232a40a54f9498079a82e5f2213aff39' status=FULL_SUCCESS
2026-10-05 23:31:31,976 | INFO | rag_app | Document chunking completed source_file='ch 4 Carbon and its Compounds.pdf' document_id='6df43ff2fefeb1583b376d4d2a3267f4232a40a54f9498079a82e5f2213aff39' status=FULL_SUCCESS
2026-10-05 23:31:31,977 | INFO | rag_app | Document chunking completed source_file='ch 4 Carbon and its Compounds.pdf' document_id='6df43ff2fefeb1583b376d4d2a3267f4232a40a54f9498079a82e5f2213aff39' status=FULL_SUCCESS
2026-10-05 23:31:31,978 | INFO | rag_app | Document chunking completed source_file='ch 4 Carbon and its Compounds.pdf' document_id='6df43ff2fefeb1583b376d4d2a3267f4232a40a54f9498079a82e5f2213aff39' status=FULL_SUCCESS
2026-10-05 23:31:31,979 | INFO | rag_app | Document chunking completed source_file='ch 4 Carbon and its Compounds.pdf' document_id='6df43ff2fefeb1583b376d4d2a3267f4232a40a54f9498079a82e5f2213aff39' status=FULL_SUCCESS
2026-10-05 23:31:31,987 | INFO | rag_app | Document chunking completed source_file='ch 4 Carbon and its Compounds.pdf' document_id='6df43ff2fefeb1583b376d4d2a3267f4232a40a54f9498079a82e5f2213aff39' status=FULL_SUCCESS
2026-10-05 23:31:31,988 | INFO | rag_app | Document chunking completed source_file='ch 4 Carbon and its Compounds.pdf' document_id='6df43ff2fefeb1583b376d4d2a3267f4232a40a54f9498079a82e5f2213aff39' status=FULL_SUCCESS
2026-10-05 23:31:31,989 | INFO | rag_app | Document chunking completed source_file='ch 4 Carbon and its Compounds.pdf' document_id='6df43ff2fefeb1583b376d4d2a3267f4232a40a54f9498079a82e5f2213aff39' status=FULL_SUCCESS
2026-10-05 23:31:31,990 | INFO | rag_app | Document chunking completed source_file='ch 4 Carbon and its Compounds.pdf' document_id='6df43ff2fefeb1583b376d4d2a3267f4232a40a54f9498079a82e5f2213aff39' status=FULL_SUCCESS
2026-10-05 23:31:31,991 | INFO | rag_app | Document chunking completed source_file='ch 4 Carbon and its Compounds.pdf' document_id='6df43ff2fefeb1583b376d4d2a3267f4232a40a54f9498079a82e5f2213aff39' status=FULL_SUCCESS
2026-10-05 23:31:31,993 | INFO | rag_app | Document chunking completed source_file='ch 4 Carbon and its Compounds.pdf' document_id='6df43ff2fefeb1583b376d4d2a3267f4232a40a54f9498079a82e5f2213aff39' status=FULL_SUCCESS
2026-10-05 23:31:31,993 | INFO | rag_app | Document chunking completed source_file='ch 4 Carbon and its Compounds.pdf' document_id='6df43ff2fefeb1583b376d4d2a3267f4232a40a54f9498079a82e5f2213aff39' status=FULL_SUCCESS
2026-10-05 23:31:31,996 | INFO | rag_app | Document chunking completed source_file='ch 4 Carbon and its Compounds.pdf' document_id='6df43ff2fefeb1583b376d4d2a3267f4232a40a54f9498079a82e5f2213aff39' status=FULL_SUCCESS
2026-10-05 23:31:31,996 | INFO | rag_app | Document chunking completed source_file='ch 4 Carbon and its Compounds.pdf' document_id='6df43ff2fefeb1583b376d4d2a3267f4232a40a54f9498079a82e5f2213aff39' status=FULL_SUCCESS
2026-10-05 23:31:31,997 | INFO | rag_app | Document chunking completed source_file='ch 4 Carbon and its Compounds.pdf' document_id='6df43ff2fefeb1583b376d4d2a3267f4232a40a54f9498079a82e5f2213aff39' status=FULL_SUCCESS
2026-10-05 23:31:31,997 | INFO | rag_app | Document chunking completed source_file='ch 4 Carbon and its Compounds.pdf' document_id='6df43ff2fefeb1583b376d4d2a3267f4232a40a54f9498079a82e5f2213aff39' status=FULL_SUCCESS
2026-10-05 23:31:31,998 | INFO | rag_app | Document chunking completed source_file='ch 4 Carbon and its Compounds.pdf' document_id='6df43ff2fefeb1583b376d4d2a3267f4232a40a54f9498079a82e5f2213aff39' status=FULL_SUCCESS
2026-10-05 23:31:31,999 | INFO | rag_app | Document chunking completed source_file='ch 4 Carbon and its Compounds.pdf' document_id='6df43ff2fefeb1583b376d4d2a3267f4232a40a54f9498079a82e5f2213aff39' status=FULL_SUCCESS
2026-10-05 23:31:31,999 | INFO | rag_app | Document chunking completed source_file='ch 4 Carbon and its Compounds.pdf' document_id='6df43ff2fefeb1583b376d4d2a3267f4232a40a54f9498079a82e5f2213aff39' status=FULL_SUCCESS
2026-10-05 23:31:32,006 | INFO | rag_app | Document chunking completed source_file='ch 4 Carbon and its Compounds.pdf' document_id='6df43ff2fefeb1583b376d4d2a3267f4232a40a54f9498079a82e5f2213aff39' status=FULL_SUCCESS
2026-10-05 23:31:32,008 | INFO | rag_app | Document chunking completed source_file='ch 4 Carbon and its Compounds.pdf' document_id='6df43ff2fefeb1583b376d4d2a3267f4232a40a54f9498079a82e5f2213aff39' status=FULL_SUCCESS
2026-10-05 23:31:32,019 | INFO | rag_app | Document chunking completed source_file='ch 4 Carbon and its Compounds.pdf' document_id='6df43ff2fefeb1583b376d4d2a3267f4232a40a54f9498079a82e5f2213aff39' status=FULL_SUCCESS
2026-10-05 23:31:32,021 | INFO | rag_app | Document chunking completed source_file='ch 4 Carbon and its Compounds.pdf' document_id='6df43ff2fefeb1583b376d4d2a3267f4232a40a54f9498079a82e5f2213aff39' status=FULL_SUCCESS
2026-10-05 23:31:32,022 | INFO | rag_app | Document chunking completed source_file='ch 4 Carbon and its Compounds.pdf' document_id='6df43ff2fefeb1583b376d4d2a3267f4232a40a54f9498079a82e5f2213aff39' status=FULL_SUCCESS
2026-10-05 23:31:32,023 | INFO | rag_app | Document chunking completed source_file='ch 4 Carbon and its Compounds.pdf' document_id='6df43ff2fefeb1583b376d4d2a3267f4232a40a54f9498079a82e5f2213aff39' status=FULL_SUCCESS
2026-10-05 23:31:32,031 | INFO | rag_app | Document chunking completed source_file='ch 4 Carbon and its Compounds.pdf' document_id='6df43ff2fefeb1583b376d4d2a3267f4232a40a54f9498079a82e5f2213aff39' status=FULL_SUCCESS
2026-10-05 23:31:32,031 | INFO | rag_app | Document chunking completed source_file='ch 4 Carbon and its Compounds.pdf' document_id='6df43ff2fefeb1583b376d4d2a3267f4232a40a54f9498079a82e5f2213aff39' status=FULL_SUCCESS
2026-10-05 23:31:32,032 | INFO | rag_app | Document chunking completed source_file='ch 4 Carbon and its Compounds.pdf' document_id='6df43ff2fefeb1583b376d4d2a3267f4232a40a54f9498079a82e5f2213aff39' status=FULL_SUCCESS
2026-10-05 23:31:32,033 | INFO | rag_app | Document chunking completed source_file='ch 4 Carbon and its Compounds.pdf' document_id='6df43ff2fefeb1583b376d4d2a3267f4232a40a54f9498079a82e5f2213aff39' status=FULL_SUCCESS
2026-10-05 23:31:32,044 | INFO | rag_app | Document chunking completed source_file='ch 4 Carbon and its Compounds.pdf' document_id='6df43ff2fefeb1583b376d4d2a3267f4232a40a54f9498079a82e5f2213aff39' status=FULL_SUCCESS
2026-10-05 23:31:32,046 | INFO | rag_app | Document chunking completed source_file='ch 4 Carbon and its Compounds.pdf' document_id='6df43ff2fefeb1583b376d4d2a3267f4232a40a54f9498079a82e5f2213aff39' status=FULL_SUCCESS
2026-10-05 23:31:32,056 | INFO | rag_app | Document chunking completed source_file='ch 4 Carbon and its Compounds.pdf' document_id='6df43ff2fefeb1583b376d4d2a3267f4232a40a54f9498079a82e5f2213aff39' status=FULL_SUCCESS
2026-10-05 23:31:32,056 | INFO | rag_app | Document chunking completed source_file='ch 4 Carbon and its Compounds.pdf' document_id='6df43ff2fefeb1583b376d4d2a3267f4232a40a54f9498079a82e5f2213aff39' status=FULL_SUCCESS
2026-10-05 23:31:32,061 | INFO | rag_app | Document chunking completed source_file='ch 4 Carbon and its Compounds.pdf' document_id='6df43ff2fefeb1583b376d4d2a3267f4232a40a54f9498079a82e5f2213aff39' status=FULL_SUCCESS
2026-10-05 23:31:32,061 | INFO | rag_app | Document chunking completed source_file='ch 4 Carbon and its Compounds.pdf' document_id='6df43ff2fefeb1583b376d4d2a3267f4232a40a54f9498079a82e5f2213aff39' status=FULL_SUCCESS
2026-10-05 23:31:32,061 | INFO | rag_app | Document chunking completed source_file='ch 4 Carbon and its Compounds.pdf' document_id='6df43ff2fefeb1583b376d4d2a3267f4232a40a54f9498079a82e5f2213aff39' status=FULL_SUCCESS
2026-10-05 23:31:32,061 | INFO | rag_app | Document chunking completed source_file='ch 5 Life Processes.pdf' document_id='4e6e50b4e2058f48cc002e06774b02da0281e07143b82dc73cc566c24e0f5062' status=FULL_SUCCESS
2026-10-05 23:31:32,061 | INFO | rag_app | Document chunking completed source_file='ch 5 Life Processes.pdf' document_id='4e6e50b4e2058f48cc002e06774b02da0281e07143b82dc73cc566c24e0f5062' status=FULL_SUCCESS
2026-10-05 23:31:32,061 | INFO | rag_app | Document chunking completed source_file='ch 5 Life Processes.pdf' document_id='4e6e50b4e2058f48cc002e06774b02da0281e07143b82dc73cc566c24e0f5062' status=FULL_SUCCESS
2026-10-05 23:31:32,061 | INFO | rag_app | Document chunking completed source_file='ch 5 Life Processes.pdf' document_id='4e6e50b4e2058f48cc002e06774b02da0281e07143b82dc73cc566c24e0f5062' status=FULL_SUCCESS
2026-10-05 23:31:32,061 | INFO | rag_app | Document chunking completed source_file='ch 5 Life Processes.pdf' document_id='4e6e50b4e2058f48cc002e06774b02da0281e07143b82dc73cc566c24e0f5062' status=FULL_SUCCESS
2026-10-05 23:31:32,061 | INFO | rag_app | Document chunking completed source_file='ch 5 Life Processes.pdf' document_id='4e6e50b4e2058f48cc002e06774b02da0281e07143b82dc73cc566c24e0f5062' status=FULL_SUCCESS
2026-10-05 23:31:32,061 | INFO | rag_app | Document chunking completed source_file='ch 5 Life Processes.pdf' document_id='4e6e50b4e2058f48cc002e06774b02da0281e07143b82dc73cc566c24e0f5062' status=FULL_SUCCESS
2026-10-05 23:31:32,061 | INFO | rag_app | Document chunking completed source_file='ch 5 Life Processes.pdf' document_id='4e6e50b4e2058f48cc002e06774b02da0281e07143b82dc73cc566c24e0f5062' status=FULL_SUCCESS
2026-10-05 23:31:32,069 | INFO | rag_app | Document chunking completed source_file='ch 5 Life Processes.pdf' document_id='4e6e50b4e2058f48cc002e06774b02da0281e07143b82dc73cc566c24e0f5062' status=FULL_SUCCESS
2026-10-05 23:31:32,069 | INFO | rag_app | Document chunking completed source_file='ch 5 Life Processes.pdf' document_id='4e6e50b4e2058f48cc002e06774b02da0281e07143b82dc73cc566c24e0f5062' status=FULL_SUCCESS
2026-10-05 23:31:32,071 | INFO | rag_app | Document chunking completed source_file='ch 5 Life Processes.pdf' document_id='4e6e50b4e2058f48cc002e06774b02da0281e07143b82dc73cc566c24e0f5062' status=FULL_SUCCESS
2026-10-05 23:31:32,071 | INFO | rag_app | Document chunking completed source_file='ch 5 Life Processes.pdf' document_id='4e6e50b4e2058f48cc002e06774b02da0281e07143b82dc73cc566c24e0f5062' status=FULL_SUCCESS
2026-10-05 23:31:32,074 | INFO | rag_app | Document chunking completed source_file='ch 5 Life Processes.pdf' document_id='4e6e50b4e2058f48cc002e06774b02da0281e07143b82dc73cc566c24e0f5062' status=FULL_SUCCESS
2026-10-05 23:31:32,082 | INFO | rag_app | Document chunking completed source_file='ch 5 Life Processes.pdf' document_id='4e6e50b4e2058f48cc002e06774b02da0281e07143b82dc73cc566c24e0f5062' status=FULL_SUCCESS
2026-10-05 23:31:32,092 | INFO | rag_app | Document chunking completed source_file='ch 5 Life Processes.pdf' document_id='4e6e50b4e2058f48cc002e06774b02da0281e07143b82dc73cc566c24e0f5062' status=FULL_SUCCESS
2026-10-05 23:31:32,731 | INFO | rag_app | Document chunking completed source_file='ch 5 Life Processes.pdf' document_id='4e6e50b4e2058f48cc002e06774b02da0281e07143b82dc73cc566c24e0f5062' status=FULL_SUCCESS
2026-10-05 23:31:32,733 | INFO | rag_app | Document chunking completed source_file='ch 5 Life Processes.pdf' document_id='4e6e50b4e2058f48cc002e06774b02da0281e07143b82dc73cc566c24e0f5062' status=FULL_SUCCESS
2026-10-05 23:31:32,734 | INFO | rag_app | Document chunking completed source_file='ch 5 Life Processes.pdf' document_id='4e6e50b4e2058f48cc002e06774b02da0281e07143b82dc73cc566c24e0f5062' status=FULL_SUCCESS
2026-10-05 23:31:32,738 | INFO | rag_app | Document chunking completed source_file='ch 5 Life Processes.pdf' document_id='4e6e50b4e2058f48cc002e06774b02da0281e07143b82dc73cc566c24e0f5062' status=FULL_SUCCESS
2026-10-05 23:31:32,740 | INFO | rag_app | Document chunking completed source_file='ch 5 Life Processes.pdf' document_id='4e6e50b4e2058f48cc002e06774b02da0281e07143b82dc73cc566c24e0f5062' status=FULL_SUCCESS
2026-10-05 23:31:32,746 | INFO | rag_app | Document chunking completed source_file='ch 5 Life Processes.pdf' document_id='4e6e50b4e2058f48cc002e06774b02da0281e07143b82dc73cc566c24e0f5062' status=FULL_SUCCESS
2026-10-05 23:31:32,749 | INFO | rag_app | Document chunking completed source_file='ch 5 Life Processes.pdf' document_id='4e6e50b4e2058f48cc002e06774b02da0281e07143b82dc73cc566c24e0f5062' status=FULL_SUCCESS
2026-10-05 23:31:32,749 | INFO | rag_app | Document chunking completed source_file='ch 5 Life Processes.pdf' document_id='4e6e50b4e2058f48cc002e06774b02da0281e07143b82dc73cc566c24e0f5062' status=FULL_SUCCESS
2026-10-05 23:31:32,751 | INFO | rag_app | Document chunking completed source_file='ch 5 Life Processes.pdf' document_id='4e6e50b4e2058f48cc002e06774b02da0281e07143b82dc73cc566c24e0f5062' status=FULL_SUCCESS
2026-10-05 23:31:32,751 | INFO | rag_app | Document chunking completed source_file='ch 5 Life Processes.pdf' document_id='4e6e50b4e2058f48cc002e06774b02da0281e07143b82dc73cc566c24e0f5062' status=FULL_SUCCESS
2026-10-05 23:31:32,754 | INFO | rag_app | Document chunking completed source_file='ch 5 Life Processes.pdf' document_id='4e6e50b4e2058f48cc002e06774b02da0281e07143b82dc73cc566c24e0f5062' status=FULL_SUCCESS
2026-10-05 23:31:32,755 | INFO | rag_app | Document chunking completed source_file='ch 5 Life Processes.pdf' document_id='4e6e50b4e2058f48cc002e06774b02da0281e07143b82dc73cc566c24e0f5062' status=FULL_SUCCESS
2026-10-05 23:31:32,768 | INFO | rag_app | Document chunking completed source_file='ch 5 Life Processes.pdf' document_id='4e6e50b4e2058f48cc002e06774b02da0281e07143b82dc73cc566c24e0f5062' status=FULL_SUCCESS
2026-10-05 23:31:32,770 | INFO | rag_app | Document chunking completed source_file='ch 5 Life Processes.pdf' document_id='4e6e50b4e2058f48cc002e06774b02da0281e07143b82dc73cc566c24e0f5062' status=FULL_SUCCESS
2026-10-05 23:31:32,778 | INFO | rag_app | Document chunking completed source_file='ch 5 Life Processes.pdf' document_id='4e6e50b4e2058f48cc002e06774b02da0281e07143b82dc73cc566c24e0f5062' status=FULL_SUCCESS
2026-10-05 23:31:32,781 | INFO | rag_app | Document chunking completed source_file='ch 5 Life Processes.pdf' document_id='4e6e50b4e2058f48cc002e06774b02da0281e07143b82dc73cc566c24e0f5062' status=FULL_SUCCESS
2026-10-05 23:31:32,794 | INFO | rag_app | Document chunking completed source_file='ch 5 Life Processes.pdf' document_id='4e6e50b4e2058f48cc002e06774b02da0281e07143b82dc73cc566c24e0f5062' status=FULL_SUCCESS
2026-10-05 23:31:32,796 | INFO | rag_app | Document chunking completed source_file='ch 5 Life Processes.pdf' document_id='4e6e50b4e2058f48cc002e06774b02da0281e07143b82dc73cc566c24e0f5062' status=FULL_SUCCESS
2026-10-05 23:31:32,797 | INFO | rag_app | Document chunking completed source_file='ch 5 Life Processes.pdf' document_id='4e6e50b4e2058f48cc002e06774b02da0281e07143b82dc73cc566c24e0f5062' status=FULL_SUCCESS
2026-10-05 23:31:32,798 | INFO | rag_app | Document chunking completed source_file='ch 5 Life Processes.pdf' document_id='4e6e50b4e2058f48cc002e06774b02da0281e07143b82dc73cc566c24e0f5062' status=FULL_SUCCESS
2026-10-05 23:31:32,799 | INFO | rag_app | Document chunking completed source_file='ch 5 Life Processes.pdf' document_id='4e6e50b4e2058f48cc002e06774b02da0281e07143b82dc73cc566c24e0f5062' status=FULL_SUCCESS
2026-10-05 23:31:32,800 | INFO | rag_app | Document chunking completed source_file='ch 5 Life Processes.pdf' document_id='4e6e50b4e2058f48cc002e06774b02da0281e07143b82dc73cc566c24e0f5062' status=FULL_SUCCESS
2026-10-05 23:31:32,801 | INFO | rag_app | Document chunking completed source_file='ch 5 Life Processes.pdf' document_id='4e6e50b4e2058f48cc002e06774b02da0281e07143b82dc73cc566c24e0f5062' status=FULL_SUCCESS
2026-10-05 23:31:32,819 | INFO | rag_app | Document chunking completed source_file='ch 5 Life Processes.pdf' document_id='4e6e50b4e2058f48cc002e06774b02da0281e07143b82dc73cc566c24e0f5062' status=FULL_SUCCESS
2026-10-05 23:31:32,822 | INFO | rag_app | Document chunking completed source_file='ch 5 Life Processes.pdf' document_id='4e6e50b4e2058f48cc002e06774b02da0281e07143b82dc73cc566c24e0f5062' status=FULL_SUCCESS
2026-10-05 23:31:32,825 | INFO | rag_app | Document chunking completed source_file='ch 5 Life Processes.pdf' document_id='4e6e50b4e2058f48cc002e06774b02da0281e07143b82dc73cc566c24e0f5062' status=FULL_SUCCESS
2026-10-05 23:31:32,825 | INFO | rag_app | Document chunking completed source_file='ch 5 Life Processes.pdf' document_id='4e6e50b4e2058f48cc002e06774b02da0281e07143b82dc73cc566c24e0f5062' status=FULL_SUCCESS
2026-10-05 23:31:32,827 | INFO | rag_app | Document chunking completed source_file='ch 5 Life Processes.pdf' document_id='4e6e50b4e2058f48cc002e06774b02da0281e07143b82dc73cc566c24e0f5062' status=FULL_SUCCESS
2026-10-05 23:31:32,831 | INFO | rag_app | Document chunking completed source_file='ch 5 Life Processes.pdf' document_id='4e6e50b4e2058f48cc002e06774b02da0281e07143b82dc73cc566c24e0f5062' status=FULL_SUCCESS
2026-10-05 23:31:32,832 | INFO | rag_app | Document chunking completed source_file='ch 5 Life Processes.pdf' document_id='4e6e50b4e2058f48cc002e06774b02da0281e07143b82dc73cc566c24e0f5062' status=FULL_SUCCESS
2026-10-05 23:31:32,833 | INFO | rag_app | Document chunking completed source_file='ch 5 Life Processes.pdf' document_id='4e6e50b4e2058f48cc002e06774b02da0281e07143b82dc73cc566c24e0f5062' status=FULL_SUCCESS
2026-10-05 23:31:32,835 | INFO | rag_app | Document chunking completed source_file='ch 5 Life Processes.pdf' document_id='4e6e50b4e2058f48cc002e06774b02da0281e07143b82dc73cc566c24e0f5062' status=FULL_SUCCESS
2026-10-05 23:31:32,835 | INFO | rag_app | Document chunking completed source_file='ch 5 Life Processes.pdf' document_id='4e6e50b4e2058f48cc002e06774b02da0281e07143b82dc73cc566c24e0f5062' status=FULL_SUCCESS
2026-10-05 23:31:32,838 | INFO | rag_app | Document chunking completed source_file='ch 5 Life Processes.pdf' document_id='4e6e50b4e2058f48cc002e06774b02da0281e07143b82dc73cc566c24e0f5062' status=FULL_SUCCESS
2026-10-05 23:31:32,839 | INFO | rag_app | Document chunking completed source_file='ch 5 Life Processes.pdf' document_id='4e6e50b4e2058f48cc002e06774b02da0281e07143b82dc73cc566c24e0f5062' status=FULL_SUCCESS
2026-10-05 23:31:32,841 | INFO | rag_app | Document chunking completed source_file='ch 5 Life Processes.pdf' document_id='4e6e50b4e2058f48cc002e06774b02da0281e07143b82dc73cc566c24e0f5062' status=FULL_SUCCESS
2026-10-05 23:31:32,843 | INFO | rag_app | Document chunking completed source_file='ch 5 Life Processes.pdf' document_id='4e6e50b4e2058f48cc002e06774b02da0281e07143b82dc73cc566c24e0f5062' status=FULL_SUCCESS
2026-10-05 23:31:32,844 | INFO | rag_app | Document chunking completed source_file='ch 5 Life Processes.pdf' document_id='4e6e50b4e2058f48cc002e06774b02da0281e07143b82dc73cc566c24e0f5062' status=FULL_SUCCESS
2026-10-05 23:31:32,849 | INFO | rag_app | Document chunking completed source_file='ch 5 Life Processes.pdf' document_id='4e6e50b4e2058f48cc002e06774b02da0281e07143b82dc73cc566c24e0f5062' status=FULL_SUCCESS
2026-10-05 23:31:32,857 | INFO | rag_app | Document chunking completed source_file='ch 5 Life Processes.pdf' document_id='4e6e50b4e2058f48cc002e06774b02da0281e07143b82dc73cc566c24e0f5062' status=FULL_SUCCESS
2026-10-05 23:31:32,863 | INFO | rag_app | Document chunking completed source_file='ch 6 Control and Coordination.pdf' document_id='1024bc3b92086c1d0ed1c7b085e2335e5dd916d3fe403de4ec0bd2e04bbaf6fc' status=FULL_SUCCESS
2026-10-05 23:31:32,866 | INFO | rag_app | Document chunking completed source_file='ch 6 Control and Coordination.pdf' document_id='1024bc3b92086c1d0ed1c7b085e2335e5dd916d3fe403de4ec0bd2e04bbaf6fc' status=FULL_SUCCESS
2026-10-05 23:31:32,876 | INFO | rag_app | Document chunking completed source_file='ch 6 Control and Coordination.pdf' document_id='1024bc3b92086c1d0ed1c7b085e2335e5dd916d3fe403de4ec0bd2e04bbaf6fc' status=FULL_SUCCESS
2026-10-05 23:31:32,877 | INFO | rag_app | Document chunking completed source_file='ch 6 Control and Coordination.pdf' document_id='1024bc3b92086c1d0ed1c7b085e2335e5dd916d3fe403de4ec0bd2e04bbaf6fc' status=FULL_SUCCESS
2026-10-05 23:31:32,880 | INFO | rag_app | Document chunking completed source_file='ch 6 Control and Coordination.pdf' document_id='1024bc3b92086c1d0ed1c7b085e2335e5dd916d3fe403de4ec0bd2e04bbaf6fc' status=FULL_SUCCESS
2026-10-05 23:31:32,881 | INFO | rag_app | Document chunking completed source_file='ch 6 Control and Coordination.pdf' document_id='1024bc3b92086c1d0ed1c7b085e2335e5dd916d3fe403de4ec0bd2e04bbaf6fc' status=FULL_SUCCESS
2026-10-05 23:31:32,882 | INFO | rag_app | Document chunking completed source_file='ch 6 Control and Coordination.pdf' document_id='1024bc3b92086c1d0ed1c7b085e2335e5dd916d3fe403de4ec0bd2e04bbaf6fc' status=FULL_SUCCESS
2026-10-05 23:31:32,892 | INFO | rag_app | Document chunking completed source_file='ch 6 Control and Coordination.pdf' document_id='1024bc3b92086c1d0ed1c7b085e2335e5dd916d3fe403de4ec0bd2e04bbaf6fc' status=FULL_SUCCESS
2026-10-05 23:31:32,893 | INFO | rag_app | Document chunking completed source_file='ch 6 Control and Coordination.pdf' document_id='1024bc3b92086c1d0ed1c7b085e2335e5dd916d3fe403de4ec0bd2e04bbaf6fc' status=FULL_SUCCESS
2026-10-05 23:31:32,894 | INFO | rag_app | Document chunking completed source_file='ch 6 Control and Coordination.pdf' document_id='1024bc3b92086c1d0ed1c7b085e2335e5dd916d3fe403de4ec0bd2e04bbaf6fc' status=FULL_SUCCESS
2026-10-05 23:31:32,896 | INFO | rag_app | Document chunking completed source_file='ch 6 Control and Coordination.pdf' document_id='1024bc3b92086c1d0ed1c7b085e2335e5dd916d3fe403de4ec0bd2e04bbaf6fc' status=FULL_SUCCESS
2026-10-05 23:31:32,896 | INFO | rag_app | Document chunking completed source_file='ch 6 Control and Coordination.pdf' document_id='1024bc3b92086c1d0ed1c7b085e2335e5dd916d3fe403de4ec0bd2e04bbaf6fc' status=FULL_SUCCESS
2026-10-05 23:31:32,897 | INFO | rag_app | Document chunking completed source_file='ch 6 Control and Coordination.pdf' document_id='1024bc3b92086c1d0ed1c7b085e2335e5dd916d3fe403de4ec0bd2e04bbaf6fc' status=FULL_SUCCESS
2026-10-05 23:31:32,898 | INFO | rag_app | Document chunking completed source_file='ch 6 Control and Coordination.pdf' document_id='1024bc3b92086c1d0ed1c7b085e2335e5dd916d3fe403de4ec0bd2e04bbaf6fc' status=FULL_SUCCESS
2026-10-05 23:31:32,899 | INFO | rag_app | Document chunking completed source_file='ch 6 Control and Coordination.pdf' document_id='1024bc3b92086c1d0ed1c7b085e2335e5dd916d3fe403de4ec0bd2e04bbaf6fc' status=FULL_SUCCESS
2026-10-05 23:31:32,918 | INFO | rag_app | Document chunking completed source_file='ch 6 Control and Coordination.pdf' document_id='1024bc3b92086c1d0ed1c7b085e2335e5dd916d3fe403de4ec0bd2e04bbaf6fc' status=FULL_SUCCESS
2026-10-05 23:31:32,920 | INFO | rag_app | Document chunking completed source_file='ch 6 Control and Coordination.pdf' document_id='1024bc3b92086c1d0ed1c7b085e2335e5dd916d3fe403de4ec0bd2e04bbaf6fc' status=FULL_SUCCESS
2026-10-05 23:31:32,922 | INFO | rag_app | Document chunking completed source_file='ch 6 Control and Coordination.pdf' document_id='1024bc3b92086c1d0ed1c7b085e2335e5dd916d3fe403de4ec0bd2e04bbaf6fc' status=FULL_SUCCESS
2026-10-05 23:31:32,926 | INFO | rag_app | Document chunking completed source_file='ch 6 Control and Coordination.pdf' document_id='1024bc3b92086c1d0ed1c7b085e2335e5dd916d3fe403de4ec0bd2e04bbaf6fc' status=FULL_SUCCESS
2026-10-05 23:31:32,934 | INFO | rag_app | Document chunking completed source_file='ch 6 Control and Coordination.pdf' document_id='1024bc3b92086c1d0ed1c7b085e2335e5dd916d3fe403de4ec0bd2e04bbaf6fc' status=FULL_SUCCESS
2026-10-05 23:31:32,940 | INFO | rag_app | Document chunking completed source_file='ch 6 Control and Coordination.pdf' document_id='1024bc3b92086c1d0ed1c7b085e2335e5dd916d3fe403de4ec0bd2e04bbaf6fc' status=FULL_SUCCESS
2026-10-05 23:31:32,941 | INFO | rag_app | Document chunking completed source_file='ch 6 Control and Coordination.pdf' document_id='1024bc3b92086c1d0ed1c7b085e2335e5dd916d3fe403de4ec0bd2e04bbaf6fc' status=FULL_SUCCESS
2026-10-05 23:31:32,941 | INFO | rag_app | Document chunking completed source_file='ch 6 Control and Coordination.pdf' document_id='1024bc3b92086c1d0ed1c7b085e2335e5dd916d3fe403de4ec0bd2e04bbaf6fc' status=FULL_SUCCESS
2026-10-05 23:31:32,942 | INFO | rag_app | Document chunking completed source_file='ch 6 Control and Coordination.pdf' document_id='1024bc3b92086c1d0ed1c7b085e2335e5dd916d3fe403de4ec0bd2e04bbaf6fc' status=FULL_SUCCESS
2026-10-05 23:31:32,943 | INFO | rag_app | Document chunking completed source_file='ch 6 Control and Coordination.pdf' document_id='1024bc3b92086c1d0ed1c7b085e2335e5dd916d3fe403de4ec0bd2e04bbaf6fc' status=FULL_SUCCESS
2026-10-05 23:31:32,943 | INFO | rag_app | Document chunking completed source_file='ch 6 Control and Coordination.pdf' document_id='1024bc3b92086c1d0ed1c7b085e2335e5dd916d3fe403de4ec0bd2e04bbaf6fc' status=FULL_SUCCESS
2026-10-05 23:31:32,946 | INFO | rag_app | Document chunking completed source_file='ch 6 Control and Coordination.pdf' document_id='1024bc3b92086c1d0ed1c7b085e2335e5dd916d3fe403de4ec0bd2e04bbaf6fc' status=FULL_SUCCESS
2026-10-05 23:31:32,948 | INFO | rag_app | Document chunking completed source_file='ch 6 Control and Coordination.pdf' document_id='1024bc3b92086c1d0ed1c7b085e2335e5dd916d3fe403de4ec0bd2e04bbaf6fc' status=FULL_SUCCESS
2026-10-05 23:31:32,955 | INFO | rag_app | Document chunking completed source_file='ch 6 Control and Coordination.pdf' document_id='1024bc3b92086c1d0ed1c7b085e2335e5dd916d3fe403de4ec0bd2e04bbaf6fc' status=FULL_SUCCESS
2026-10-05 23:31:32,962 | INFO | rag_app | Document chunking completed source_file='ch 6 Control and Coordination.pdf' document_id='1024bc3b92086c1d0ed1c7b085e2335e5dd916d3fe403de4ec0bd2e04bbaf6fc' status=FULL_SUCCESS
2026-10-05 23:31:33,031 | INFO | rag_app | Document chunking completed source_file='ch 7 How do Organisms Reproduce.pdf' document_id='e6bd3a857d14aff5fdd63649b073a9a412fd9ee4413230f599b5cb5cbe8f8d8a' status=FULL_SUCCESS
2026-10-05 23:31:33,032 | INFO | rag_app | Document chunking completed source_file='ch 7 How do Organisms Reproduce.pdf' document_id='e6bd3a857d14aff5fdd63649b073a9a412fd9ee4413230f599b5cb5cbe8f8d8a' status=FULL_SUCCESS
2026-10-05 23:31:33,033 | INFO | rag_app | Document chunking completed source_file='ch 7 How do Organisms Reproduce.pdf' document_id='e6bd3a857d14aff5fdd63649b073a9a412fd9ee4413230f599b5cb5cbe8f8d8a' status=FULL_SUCCESS
2026-10-05 23:31:33,034 | INFO | rag_app | Document chunking completed source_file='ch 7 How do Organisms Reproduce.pdf' document_id='e6bd3a857d14aff5fdd63649b073a9a412fd9ee4413230f599b5cb5cbe8f8d8a' status=FULL_SUCCESS
2026-10-05 23:31:33,035 | INFO | rag_app | Document chunking completed source_file='ch 7 How do Organisms Reproduce.pdf' document_id='e6bd3a857d14aff5fdd63649b073a9a412fd9ee4413230f599b5cb5cbe8f8d8a' status=FULL_SUCCESS
2026-10-05 23:31:33,040 | INFO | rag_app | Document chunking completed source_file='ch 7 How do Organisms Reproduce.pdf' document_id='e6bd3a857d14aff5fdd63649b073a9a412fd9ee4413230f599b5cb5cbe8f8d8a' status=FULL_SUCCESS
2026-10-05 23:31:33,043 | INFO | rag_app | Document chunking completed source_file='ch 7 How do Organisms Reproduce.pdf' document_id='e6bd3a857d14aff5fdd63649b073a9a412fd9ee4413230f599b5cb5cbe8f8d8a' status=FULL_SUCCESS
2026-10-05 23:31:33,045 | INFO | rag_app | Document chunking completed source_file='ch 7 How do Organisms Reproduce.pdf' document_id='e6bd3a857d14aff5fdd63649b073a9a412fd9ee4413230f599b5cb5cbe8f8d8a' status=FULL_SUCCESS
2026-10-05 23:31:33,046 | INFO | rag_app | Document chunking completed source_file='ch 7 How do Organisms Reproduce.pdf' document_id='e6bd3a857d14aff5fdd63649b073a9a412fd9ee4413230f599b5cb5cbe8f8d8a' status=FULL_SUCCESS
2026-10-05 23:31:33,046 | INFO | rag_app | Document chunking completed source_file='ch 7 How do Organisms Reproduce.pdf' document_id='e6bd3a857d14aff5fdd63649b073a9a412fd9ee4413230f599b5cb5cbe8f8d8a' status=FULL_SUCCESS
2026-10-05 23:31:33,049 | INFO | rag_app | Document chunking completed source_file='ch 7 How do Organisms Reproduce.pdf' document_id='e6bd3a857d14aff5fdd63649b073a9a412fd9ee4413230f599b5cb5cbe8f8d8a' status=FULL_SUCCESS
2026-10-05 23:31:33,050 | INFO | rag_app | Document chunking completed source_file='ch 7 How do Organisms Reproduce.pdf' document_id='e6bd3a857d14aff5fdd63649b073a9a412fd9ee4413230f599b5cb5cbe8f8d8a' status=FULL_SUCCESS
2026-10-05 23:31:33,052 | INFO | rag_app | Document chunking completed source_file='ch 7 How do Organisms Reproduce.pdf' document_id='e6bd3a857d14aff5fdd63649b073a9a412fd9ee4413230f599b5cb5cbe8f8d8a' status=FULL_SUCCESS
2026-10-05 23:31:33,056 | INFO | rag_app | Document chunking completed source_file='ch 7 How do Organisms Reproduce.pdf' document_id='e6bd3a857d14aff5fdd63649b073a9a412fd9ee4413230f599b5cb5cbe8f8d8a' status=FULL_SUCCESS
2026-10-05 23:31:33,062 | INFO | rag_app | Document chunking completed source_file='ch 7 How do Organisms Reproduce.pdf' document_id='e6bd3a857d14aff5fdd63649b073a9a412fd9ee4413230f599b5cb5cbe8f8d8a' status=FULL_SUCCESS
2026-10-05 23:31:33,064 | INFO | rag_app | Document chunking completed source_file='ch 7 How do Organisms Reproduce.pdf' document_id='e6bd3a857d14aff5fdd63649b073a9a412fd9ee4413230f599b5cb5cbe8f8d8a' status=FULL_SUCCESS
2026-10-05 23:31:33,066 | INFO | rag_app | Document chunking completed source_file='ch 7 How do Organisms Reproduce.pdf' document_id='e6bd3a857d14aff5fdd63649b073a9a412fd9ee4413230f599b5cb5cbe8f8d8a' status=FULL_SUCCESS
2026-10-05 23:31:33,077 | INFO | rag_app | Document chunking completed source_file='ch 7 How do Organisms Reproduce.pdf' document_id='e6bd3a857d14aff5fdd63649b073a9a412fd9ee4413230f599b5cb5cbe8f8d8a' status=FULL_SUCCESS
2026-10-05 23:31:33,078 | INFO | rag_app | Document chunking completed source_file='ch 7 How do Organisms Reproduce.pdf' document_id='e6bd3a857d14aff5fdd63649b073a9a412fd9ee4413230f599b5cb5cbe8f8d8a' status=FULL_SUCCESS
2026-10-05 23:31:33,078 | INFO | rag_app | Document chunking completed source_file='ch 7 How do Organisms Reproduce.pdf' document_id='e6bd3a857d14aff5fdd63649b073a9a412fd9ee4413230f599b5cb5cbe8f8d8a' status=FULL_SUCCESS
2026-10-05 23:31:33,080 | INFO | rag_app | Document chunking completed source_file='ch 7 How do Organisms Reproduce.pdf' document_id='e6bd3a857d14aff5fdd63649b073a9a412fd9ee4413230f599b5cb5cbe8f8d8a' status=FULL_SUCCESS
2026-10-05 23:31:33,082 | INFO | rag_app | Document chunking completed source_file='ch 7 How do Organisms Reproduce.pdf' document_id='e6bd3a857d14aff5fdd63649b073a9a412fd9ee4413230f599b5cb5cbe8f8d8a' status=FULL_SUCCESS
2026-10-05 23:31:33,100 | INFO | rag_app | Document chunking completed source_file='ch 7 How do Organisms Reproduce.pdf' document_id='e6bd3a857d14aff5fdd63649b073a9a412fd9ee4413230f599b5cb5cbe8f8d8a' status=FULL_SUCCESS
2026-10-05 23:31:33,101 | INFO | rag_app | Document chunking completed source_file='ch 7 How do Organisms Reproduce.pdf' document_id='e6bd3a857d14aff5fdd63649b073a9a412fd9ee4413230f599b5cb5cbe8f8d8a' status=FULL_SUCCESS
2026-10-05 23:31:33,103 | INFO | rag_app | Document chunking completed source_file='ch 7 How do Organisms Reproduce.pdf' document_id='e6bd3a857d14aff5fdd63649b073a9a412fd9ee4413230f599b5cb5cbe8f8d8a' status=FULL_SUCCESS
2026-10-05 23:31:33,106 | INFO | rag_app | Document chunking completed source_file='ch 7 How do Organisms Reproduce.pdf' document_id='e6bd3a857d14aff5fdd63649b073a9a412fd9ee4413230f599b5cb5cbe8f8d8a' status=FULL_SUCCESS
2026-10-05 23:31:33,106 | INFO | rag_app | Document chunking completed source_file='ch 7 How do Organisms Reproduce.pdf' document_id='e6bd3a857d14aff5fdd63649b073a9a412fd9ee4413230f599b5cb5cbe8f8d8a' status=FULL_SUCCESS
2026-10-05 23:31:33,107 | INFO | rag_app | Document chunking completed source_file='ch 7 How do Organisms Reproduce.pdf' document_id='e6bd3a857d14aff5fdd63649b073a9a412fd9ee4413230f599b5cb5cbe8f8d8a' status=FULL_SUCCESS
2026-10-05 23:31:33,108 | INFO | rag_app | Document chunking completed source_file='ch 7 How do Organisms Reproduce.pdf' document_id='e6bd3a857d14aff5fdd63649b073a9a412fd9ee4413230f599b5cb5cbe8f8d8a' status=FULL_SUCCESS
2026-10-05 23:31:33,117 | INFO | rag_app | Document chunking completed source_file='ch 7 How do Organisms Reproduce.pdf' document_id='e6bd3a857d14aff5fdd63649b073a9a412fd9ee4413230f599b5cb5cbe8f8d8a' status=FULL_SUCCESS
2026-10-05 23:31:33,125 | INFO | rag_app | Document chunking completed source_file='ch 7 How do Organisms Reproduce.pdf' document_id='e6bd3a857d14aff5fdd63649b073a9a412fd9ee4413230f599b5cb5cbe8f8d8a' status=FULL_SUCCESS
2026-10-05 23:31:33,127 | INFO | rag_app | Document chunking completed source_file='ch 7 How do Organisms Reproduce.pdf' document_id='e6bd3a857d14aff5fdd63649b073a9a412fd9ee4413230f599b5cb5cbe8f8d8a' status=FULL_SUCCESS
2026-10-05 23:31:33,130 | INFO | rag_app | Document chunking completed source_file='ch 7 How do Organisms Reproduce.pdf' document_id='e6bd3a857d14aff5fdd63649b073a9a412fd9ee4413230f599b5cb5cbe8f8d8a' status=FULL_SUCCESS
2026-10-05 23:31:33,133 | INFO | rag_app | Document chunking completed source_file='ch 7 How do Organisms Reproduce.pdf' document_id='e6bd3a857d14aff5fdd63649b073a9a412fd9ee4413230f599b5cb5cbe8f8d8a' status=FULL_SUCCESS
2026-10-05 23:31:33,138 | INFO | rag_app | Document chunking completed source_file='ch 7 How do Organisms Reproduce.pdf' document_id='e6bd3a857d14aff5fdd63649b073a9a412fd9ee4413230f599b5cb5cbe8f8d8a' status=FULL_SUCCESS
2026-10-05 23:31:33,147 | INFO | rag_app | Document chunking completed source_file='ch 7 How do Organisms Reproduce.pdf' document_id='e6bd3a857d14aff5fdd63649b073a9a412fd9ee4413230f599b5cb5cbe8f8d8a' status=FULL_SUCCESS
2026-10-05 23:31:33,151 | INFO | rag_app | Document chunking completed source_file='ch 7 How do Organisms Reproduce.pdf' document_id='e6bd3a857d14aff5fdd63649b073a9a412fd9ee4413230f599b5cb5cbe8f8d8a' status=FULL_SUCCESS
2026-10-05 23:31:33,156 | INFO | rag_app | Document chunking completed source_file='ch 7 How do Organisms Reproduce.pdf' document_id='e6bd3a857d14aff5fdd63649b073a9a412fd9ee4413230f599b5cb5cbe8f8d8a' status=FULL_SUCCESS
2026-10-05 23:31:33,161 | INFO | rag_app | Document chunking completed source_file='ch 7 How do Organisms Reproduce.pdf' document_id='e6bd3a857d14aff5fdd63649b073a9a412fd9ee4413230f599b5cb5cbe8f8d8a' status=FULL_SUCCESS
2026-10-05 23:31:33,164 | INFO | rag_app | Document chunking completed source_file='ch 7 How do Organisms Reproduce.pdf' document_id='e6bd3a857d14aff5fdd63649b073a9a412fd9ee4413230f599b5cb5cbe8f8d8a' status=FULL_SUCCESS
2026-10-05 23:31:33,164 | INFO | rag_app | Document chunking completed source_file='ch 8 Heredity.pdf' document_id='c720018137bf8eb8b2ed44cb6af6889af5faba4edcdb313b140f1b03cf8ec7c0' status=FULL_SUCCESS
2026-10-05 23:31:33,169 | INFO | rag_app | Document chunking completed source_file='ch 8 Heredity.pdf' document_id='c720018137bf8eb8b2ed44cb6af6889af5faba4edcdb313b140f1b03cf8ec7c0' status=FULL_SUCCESS
2026-10-05 23:31:33,172 | INFO | rag_app | Document chunking completed source_file='ch 8 Heredity.pdf' document_id='c720018137bf8eb8b2ed44cb6af6889af5faba4edcdb313b140f1b03cf8ec7c0' status=FULL_SUCCESS
2026-10-05 23:31:33,173 | INFO | rag_app | Document chunking completed source_file='ch 8 Heredity.pdf' document_id='c720018137bf8eb8b2ed44cb6af6889af5faba4edcdb313b140f1b03cf8ec7c0' status=FULL_SUCCESS
2026-10-05 23:31:33,174 | INFO | rag_app | Document chunking completed source_file='ch 8 Heredity.pdf' document_id='c720018137bf8eb8b2ed44cb6af6889af5faba4edcdb313b140f1b03cf8ec7c0' status=FULL_SUCCESS
2026-10-05 23:31:33,175 | INFO | rag_app | Document chunking completed source_file='ch 8 Heredity.pdf' document_id='c720018137bf8eb8b2ed44cb6af6889af5faba4edcdb313b140f1b03cf8ec7c0' status=FULL_SUCCESS
2026-10-05 23:31:33,175 | INFO | rag_app | Document chunking completed source_file='ch 8 Heredity.pdf' document_id='c720018137bf8eb8b2ed44cb6af6889af5faba4edcdb313b140f1b03cf8ec7c0' status=FULL_SUCCESS
2026-10-05 23:31:33,175 | INFO | rag_app | Document chunking completed source_file='ch 8 Heredity.pdf' document_id='c720018137bf8eb8b2ed44cb6af6889af5faba4edcdb313b140f1b03cf8ec7c0' status=FULL_SUCCESS
2026-10-05 23:31:33,179 | INFO | rag_app | Document chunking completed source_file='ch 8 Heredity.pdf' document_id='c720018137bf8eb8b2ed44cb6af6889af5faba4edcdb313b140f1b03cf8ec7c0' status=FULL_SUCCESS
2026-10-05 23:31:33,194 | INFO | rag_app | Document chunking completed source_file='ch 8 Heredity.pdf' document_id='c720018137bf8eb8b2ed44cb6af6889af5faba4edcdb313b140f1b03cf8ec7c0' status=FULL_SUCCESS
2026-10-05 23:31:33,197 | INFO | rag_app | Document chunking completed source_file='ch 8 Heredity.pdf' document_id='c720018137bf8eb8b2ed44cb6af6889af5faba4edcdb313b140f1b03cf8ec7c0' status=FULL_SUCCESS
2026-10-05 23:31:33,199 | INFO | rag_app | Document chunking completed source_file='ch 8 Heredity.pdf' document_id='c720018137bf8eb8b2ed44cb6af6889af5faba4edcdb313b140f1b03cf8ec7c0' status=FULL_SUCCESS
2026-10-05 23:31:33,245 | INFO | rag_app | Document chunking completed source_file='ch 8 Heredity.pdf' document_id='c720018137bf8eb8b2ed44cb6af6889af5faba4edcdb313b140f1b03cf8ec7c0' status=FULL_SUCCESS
2026-10-05 23:31:33,245 | INFO | rag_app | Document chunking completed source_file='ch 8 Heredity.pdf' document_id='c720018137bf8eb8b2ed44cb6af6889af5faba4edcdb313b140f1b03cf8ec7c0' status=FULL_SUCCESS
2026-10-05 23:31:33,248 | INFO | rag_app | Document chunking completed source_file='ch 8 Heredity.pdf' document_id='c720018137bf8eb8b2ed44cb6af6889af5faba4edcdb313b140f1b03cf8ec7c0' status=FULL_SUCCESS
2026-10-05 23:31:33,259 | INFO | rag_app | Document chunking completed source_file='ch 8 Heredity.pdf' document_id='c720018137bf8eb8b2ed44cb6af6889af5faba4edcdb313b140f1b03cf8ec7c0' status=FULL_SUCCESS
2026-10-05 23:31:33,263 | INFO | rag_app | Document chunking completed source_file='ch 9 Light -Reflection and Refraction.pdf' document_id='454fbe0b43c083b16e027dfd392dc5ddc0a273ce97f66655f25da5138ce59401' status=FULL_SUCCESS
2026-10-05 23:31:33,264 | INFO | rag_app | Document chunking completed source_file='ch 9 Light -Reflection and Refraction.pdf' document_id='454fbe0b43c083b16e027dfd392dc5ddc0a273ce97f66655f25da5138ce59401' status=FULL_SUCCESS
2026-10-05 23:31:33,265 | INFO | rag_app | Document chunking completed source_file='ch 9 Light -Reflection and Refraction.pdf' document_id='454fbe0b43c083b16e027dfd392dc5ddc0a273ce97f66655f25da5138ce59401' status=FULL_SUCCESS
2026-10-05 23:31:33,265 | INFO | rag_app | Document chunking completed source_file='ch 9 Light -Reflection and Refraction.pdf' document_id='454fbe0b43c083b16e027dfd392dc5ddc0a273ce97f66655f25da5138ce59401' status=FULL_SUCCESS
2026-10-05 23:31:33,266 | INFO | rag_app | Document chunking completed source_file='ch 9 Light -Reflection and Refraction.pdf' document_id='454fbe0b43c083b16e027dfd392dc5ddc0a273ce97f66655f25da5138ce59401' status=FULL_SUCCESS
2026-10-05 23:31:33,266 | INFO | rag_app | Document chunking completed source_file='ch 9 Light -Reflection and Refraction.pdf' document_id='454fbe0b43c083b16e027dfd392dc5ddc0a273ce97f66655f25da5138ce59401' status=FULL_SUCCESS
2026-10-05 23:31:33,271 | INFO | rag_app | Document chunking completed source_file='ch 9 Light -Reflection and Refraction.pdf' document_id='454fbe0b43c083b16e027dfd392dc5ddc0a273ce97f66655f25da5138ce59401' status=FULL_SUCCESS
2026-10-05 23:31:33,271 | INFO | rag_app | Document chunking completed source_file='ch 9 Light -Reflection and Refraction.pdf' document_id='454fbe0b43c083b16e027dfd392dc5ddc0a273ce97f66655f25da5138ce59401' status=FULL_SUCCESS
2026-10-05 23:31:33,276 | INFO | rag_app | Document chunking completed source_file='ch 9 Light -Reflection and Refraction.pdf' document_id='454fbe0b43c083b16e027dfd392dc5ddc0a273ce97f66655f25da5138ce59401' status=FULL_SUCCESS
2026-10-05 23:31:33,278 | INFO | rag_app | Document chunking completed source_file='ch 9 Light -Reflection and Refraction.pdf' document_id='454fbe0b43c083b16e027dfd392dc5ddc0a273ce97f66655f25da5138ce59401' status=FULL_SUCCESS
2026-10-05 23:31:33,278 | INFO | rag_app | Document chunking completed source_file='ch 9 Light -Reflection and Refraction.pdf' document_id='454fbe0b43c083b16e027dfd392dc5ddc0a273ce97f66655f25da5138ce59401' status=FULL_SUCCESS
2026-10-05 23:31:33,280 | INFO | rag_app | Document chunking completed source_file='ch 9 Light -Reflection and Refraction.pdf' document_id='454fbe0b43c083b16e027dfd392dc5ddc0a273ce97f66655f25da5138ce59401' status=FULL_SUCCESS
2026-10-05 23:31:33,290 | INFO | rag_app | Document chunking completed source_file='ch 9 Light -Reflection and Refraction.pdf' document_id='454fbe0b43c083b16e027dfd392dc5ddc0a273ce97f66655f25da5138ce59401' status=FULL_SUCCESS
2026-10-05 23:31:33,292 | INFO | rag_app | Document chunking completed source_file='ch 9 Light -Reflection and Refraction.pdf' document_id='454fbe0b43c083b16e027dfd392dc5ddc0a273ce97f66655f25da5138ce59401' status=FULL_SUCCESS
2026-10-05 23:31:33,328 | INFO | rag_app | Document chunking completed source_file='ch 9 Light -Reflection and Refraction.pdf' document_id='454fbe0b43c083b16e027dfd392dc5ddc0a273ce97f66655f25da5138ce59401' status=FULL_SUCCESS
2026-10-05 23:31:33,342 | INFO | rag_app | Document chunking completed source_file='ch 9 Light -Reflection and Refraction.pdf' document_id='454fbe0b43c083b16e027dfd392dc5ddc0a273ce97f66655f25da5138ce59401' status=FULL_SUCCESS
2026-10-05 23:31:33,351 | INFO | rag_app | Document chunking completed source_file='ch 9 Light -Reflection and Refraction.pdf' document_id='454fbe0b43c083b16e027dfd392dc5ddc0a273ce97f66655f25da5138ce59401' status=FULL_SUCCESS
2026-10-05 23:31:33,378 | INFO | rag_app | Document chunking completed source_file='ch 9 Light -Reflection and Refraction.pdf' document_id='454fbe0b43c083b16e027dfd392dc5ddc0a273ce97f66655f25da5138ce59401' status=FULL_SUCCESS
2026-10-05 23:31:33,383 | INFO | rag_app | Document chunking completed source_file='ch 9 Light -Reflection and Refraction.pdf' document_id='454fbe0b43c083b16e027dfd392dc5ddc0a273ce97f66655f25da5138ce59401' status=FULL_SUCCESS
2026-10-05 23:31:33,387 | INFO | rag_app | Document chunking completed source_file='ch 9 Light -Reflection and Refraction.pdf' document_id='454fbe0b43c083b16e027dfd392dc5ddc0a273ce97f66655f25da5138ce59401' status=FULL_SUCCESS
2026-10-05 23:31:33,393 | INFO | rag_app | Document chunking completed source_file='ch 9 Light -Reflection and Refraction.pdf' document_id='454fbe0b43c083b16e027dfd392dc5ddc0a273ce97f66655f25da5138ce59401' status=FULL_SUCCESS
2026-10-05 23:31:33,398 | INFO | rag_app | Document chunking completed source_file='ch 9 Light -Reflection and Refraction.pdf' document_id='454fbe0b43c083b16e027dfd392dc5ddc0a273ce97f66655f25da5138ce59401' status=FULL_SUCCESS
2026-10-05 23:31:33,400 | INFO | rag_app | Document chunking completed source_file='ch 9 Light -Reflection and Refraction.pdf' document_id='454fbe0b43c083b16e027dfd392dc5ddc0a273ce97f66655f25da5138ce59401' status=FULL_SUCCESS
2026-10-05 23:31:33,406 | INFO | rag_app | Document chunking completed source_file='ch 9 Light -Reflection and Refraction.pdf' document_id='454fbe0b43c083b16e027dfd392dc5ddc0a273ce97f66655f25da5138ce59401' status=FULL_SUCCESS
2026-10-05 23:31:33,406 | INFO | rag_app | Document chunking completed source_file='ch 9 Light -Reflection and Refraction.pdf' document_id='454fbe0b43c083b16e027dfd392dc5ddc0a273ce97f66655f25da5138ce59401' status=FULL_SUCCESS
2026-10-05 23:31:33,408 | INFO | rag_app | Document chunking completed source_file='ch 9 Light -Reflection and Refraction.pdf' document_id='454fbe0b43c083b16e027dfd392dc5ddc0a273ce97f66655f25da5138ce59401' status=FULL_SUCCESS
2026-10-05 23:31:33,410 | INFO | rag_app | Document chunking completed source_file='ch 9 Light -Reflection and Refraction.pdf' document_id='454fbe0b43c083b16e027dfd392dc5ddc0a273ce97f66655f25da5138ce59401' status=FULL_SUCCESS
2026-10-05 23:31:33,413 | INFO | rag_app | Document chunking completed source_file='ch 9 Light -Reflection and Refraction.pdf' document_id='454fbe0b43c083b16e027dfd392dc5ddc0a273ce97f66655f25da5138ce59401' status=FULL_SUCCESS
2026-10-05 23:31:33,414 | INFO | rag_app | Document chunking completed source_file='ch 9 Light -Reflection and Refraction.pdf' document_id='454fbe0b43c083b16e027dfd392dc5ddc0a273ce97f66655f25da5138ce59401' status=FULL_SUCCESS
2026-10-05 23:31:33,416 | INFO | rag_app | Document chunking completed source_file='ch 9 Light -Reflection and Refraction.pdf' document_id='454fbe0b43c083b16e027dfd392dc5ddc0a273ce97f66655f25da5138ce59401' status=FULL_SUCCESS
2026-10-05 23:31:33,417 | INFO | rag_app | Document chunking completed source_file='ch 9 Light -Reflection and Refraction.pdf' document_id='454fbe0b43c083b16e027dfd392dc5ddc0a273ce97f66655f25da5138ce59401' status=FULL_SUCCESS
2026-10-05 23:31:33,433 | INFO | rag_app | Document chunking completed source_file='ch 9 Light -Reflection and Refraction.pdf' document_id='454fbe0b43c083b16e027dfd392dc5ddc0a273ce97f66655f25da5138ce59401' status=FULL_SUCCESS
2026-10-05 23:31:33,435 | INFO | rag_app | Document chunking completed source_file='ch 9 Light -Reflection and Refraction.pdf' document_id='454fbe0b43c083b16e027dfd392dc5ddc0a273ce97f66655f25da5138ce59401' status=FULL_SUCCESS
2026-10-05 23:31:33,439 | INFO | rag_app | Document chunking completed source_file='ch 9 Light -Reflection and Refraction.pdf' document_id='454fbe0b43c083b16e027dfd392dc5ddc0a273ce97f66655f25da5138ce59401' status=FULL_SUCCESS
2026-10-05 23:31:33,441 | INFO | rag_app | Document chunking completed source_file='ch 9 Light -Reflection and Refraction.pdf' document_id='454fbe0b43c083b16e027dfd392dc5ddc0a273ce97f66655f25da5138ce59401' status=FULL_SUCCESS
2026-10-05 23:31:33,450 | INFO | rag_app | Document chunking completed source_file='ch 9 Light -Reflection and Refraction.pdf' document_id='454fbe0b43c083b16e027dfd392dc5ddc0a273ce97f66655f25da5138ce59401' status=FULL_SUCCESS
2026-10-05 23:31:33,458 | INFO | rag_app | Document chunking completed source_file='ch 9 Light -Reflection and Refraction.pdf' document_id='454fbe0b43c083b16e027dfd392dc5ddc0a273ce97f66655f25da5138ce59401' status=FULL_SUCCESS
2026-10-05 23:31:33,461 | INFO | rag_app | Document chunking completed source_file='ch 9 Light -Reflection and Refraction.pdf' document_id='454fbe0b43c083b16e027dfd392dc5ddc0a273ce97f66655f25da5138ce59401' status=FULL_SUCCESS
2026-10-05 23:31:33,461 | INFO | rag_app | Document chunking completed source_file='ch 9 Light -Reflection and Refraction.pdf' document_id='454fbe0b43c083b16e027dfd392dc5ddc0a273ce97f66655f25da5138ce59401' status=FULL_SUCCESS
2026-10-05 23:31:33,463 | INFO | rag_app | Document chunking completed source_file='ch 9 Light -Reflection and Refraction.pdf' document_id='454fbe0b43c083b16e027dfd392dc5ddc0a273ce97f66655f25da5138ce59401' status=FULL_SUCCESS
2026-10-05 23:31:33,472 | INFO | rag_app | Document chunking completed source_file='ch 9 Light -Reflection and Refraction.pdf' document_id='454fbe0b43c083b16e027dfd392dc5ddc0a273ce97f66655f25da5138ce59401' status=FULL_SUCCESS
2026-10-05 23:31:33,472 | INFO | rag_app | Document chunking completed source_file='ch 9 Light -Reflection and Refraction.pdf' document_id='454fbe0b43c083b16e027dfd392dc5ddc0a273ce97f66655f25da5138ce59401' status=FULL_SUCCESS
2026-10-05 23:31:33,472 | INFO | rag_app | Document chunking completed source_file='ch 9 Light -Reflection and Refraction.pdf' document_id='454fbe0b43c083b16e027dfd392dc5ddc0a273ce97f66655f25da5138ce59401' status=FULL_SUCCESS
2026-10-05 23:31:33,472 | INFO | rag_app | Document chunking completed source_file='ch 9 Light -Reflection and Refraction.pdf' document_id='454fbe0b43c083b16e027dfd392dc5ddc0a273ce97f66655f25da5138ce59401' status=FULL_SUCCESS
2026-10-05 23:31:33,492 | INFO | rag_app | Document chunking completed source_file='ch 9 Light -Reflection and Refraction.pdf' document_id='454fbe0b43c083b16e027dfd392dc5ddc0a273ce97f66655f25da5138ce59401' status=FULL_SUCCESS
2026-10-05 23:31:33,493 | INFO | rag_app | Document chunking completed source_file='ch 9 Light -Reflection and Refraction.pdf' document_id='454fbe0b43c083b16e027dfd392dc5ddc0a273ce97f66655f25da5138ce59401' status=FULL_SUCCESS
2026-10-05 23:31:33,494 | INFO | rag_app | Document chunking completed source_file='ch 9 Light -Reflection and Refraction.pdf' document_id='454fbe0b43c083b16e027dfd392dc5ddc0a273ce97f66655f25da5138ce59401' status=FULL_SUCCESS
2026-10-05 23:31:33,495 | INFO | rag_app | Document chunking completed source_file='ch 9 Light -Reflection and Refraction.pdf' document_id='454fbe0b43c083b16e027dfd392dc5ddc0a273ce97f66655f25da5138ce59401' status=FULL_SUCCESS
2026-10-05 23:31:34,199 | INFO | rag_app | Document chunking completed source_file='ch 9 Light -Reflection and Refraction.pdf' document_id='454fbe0b43c083b16e027dfd392dc5ddc0a273ce97f66655f25da5138ce59401' status=FULL_SUCCESS
2026-10-05 23:31:34,203 | INFO | rag_app | Document chunking completed source_file='ch 9 Light -Reflection and Refraction.pdf' document_id='454fbe0b43c083b16e027dfd392dc5ddc0a273ce97f66655f25da5138ce59401' status=FULL_SUCCESS
2026-10-05 23:31:34,205 | INFO | rag_app | Document chunking completed source_file='ch 9 Light -Reflection and Refraction.pdf' document_id='454fbe0b43c083b16e027dfd392dc5ddc0a273ce97f66655f25da5138ce59401' status=FULL_SUCCESS
2026-10-05 23:31:34,206 | INFO | rag_app | Document chunking completed source_file='ch 9 Light -Reflection and Refraction.pdf' document_id='454fbe0b43c083b16e027dfd392dc5ddc0a273ce97f66655f25da5138ce59401' status=FULL_SUCCESS
2026-10-05 23:31:34,210 | INFO | rag_app | Document chunking completed source_file='ch 9 Light -Reflection and Refraction.pdf' document_id='454fbe0b43c083b16e027dfd392dc5ddc0a273ce97f66655f25da5138ce59401' status=FULL_SUCCESS
2026-10-05 23:31:34,212 | INFO | rag_app | Document chunking completed source_file='ch 9 Light -Reflection and Refraction.pdf' document_id='454fbe0b43c083b16e027dfd392dc5ddc0a273ce97f66655f25da5138ce59401' status=FULL_SUCCESS
2026-10-05 23:31:34,217 | INFO | rag_app | Document chunking completed source_file='ch 9 Light -Reflection and Refraction.pdf' document_id='454fbe0b43c083b16e027dfd392dc5ddc0a273ce97f66655f25da5138ce59401' status=FULL_SUCCESS
2026-10-05 23:31:34,218 | INFO | rag_app | Document chunking completed source_file='ch11 Electricity.pdf' document_id='ad9015a98f1b584f33f5028c6c04d4d300d87692c81d89145e99e41e5f10c677' status=FULL_SUCCESS
2026-10-05 23:31:34,218 | INFO | rag_app | Document chunking completed source_file='ch11 Electricity.pdf' document_id='ad9015a98f1b584f33f5028c6c04d4d300d87692c81d89145e99e41e5f10c677' status=FULL_SUCCESS
2026-10-05 23:31:34,220 | INFO | rag_app | Document chunking completed source_file='ch11 Electricity.pdf' document_id='ad9015a98f1b584f33f5028c6c04d4d300d87692c81d89145e99e41e5f10c677' status=FULL_SUCCESS
2026-10-05 23:31:34,222 | INFO | rag_app | Document chunking completed source_file='ch11 Electricity.pdf' document_id='ad9015a98f1b584f33f5028c6c04d4d300d87692c81d89145e99e41e5f10c677' status=FULL_SUCCESS
2026-10-05 23:31:34,224 | INFO | rag_app | Document chunking completed source_file='ch11 Electricity.pdf' document_id='ad9015a98f1b584f33f5028c6c04d4d300d87692c81d89145e99e41e5f10c677' status=FULL_SUCCESS
2026-10-05 23:31:34,226 | INFO | rag_app | Document chunking completed source_file='ch11 Electricity.pdf' document_id='ad9015a98f1b584f33f5028c6c04d4d300d87692c81d89145e99e41e5f10c677' status=FULL_SUCCESS
2026-10-05 23:31:34,229 | INFO | rag_app | Document chunking completed source_file='ch11 Electricity.pdf' document_id='ad9015a98f1b584f33f5028c6c04d4d300d87692c81d89145e99e41e5f10c677' status=FULL_SUCCESS
2026-10-05 23:31:34,230 | INFO | rag_app | Document chunking completed source_file='ch11 Electricity.pdf' document_id='ad9015a98f1b584f33f5028c6c04d4d300d87692c81d89145e99e41e5f10c677' status=FULL_SUCCESS
2026-10-05 23:31:34,230 | INFO | rag_app | Document chunking completed source_file='ch11 Electricity.pdf' document_id='ad9015a98f1b584f33f5028c6c04d4d300d87692c81d89145e99e41e5f10c677' status=FULL_SUCCESS
2026-10-05 23:31:34,232 | INFO | rag_app | Document chunking completed source_file='ch11 Electricity.pdf' document_id='ad9015a98f1b584f33f5028c6c04d4d300d87692c81d89145e99e41e5f10c677' status=FULL_SUCCESS
2026-10-05 23:31:34,232 | INFO | rag_app | Document chunking completed source_file='ch11 Electricity.pdf' document_id='ad9015a98f1b584f33f5028c6c04d4d300d87692c81d89145e99e41e5f10c677' status=FULL_SUCCESS
2026-10-05 23:31:34,233 | INFO | rag_app | Document chunking completed source_file='ch11 Electricity.pdf' document_id='ad9015a98f1b584f33f5028c6c04d4d300d87692c81d89145e99e41e5f10c677' status=FULL_SUCCESS
2026-10-05 23:31:34,241 | INFO | rag_app | Document chunking completed source_file='ch11 Electricity.pdf' document_id='ad9015a98f1b584f33f5028c6c04d4d300d87692c81d89145e99e41e5f10c677' status=FULL_SUCCESS
2026-10-05 23:31:34,243 | INFO | rag_app | Document chunking completed source_file='ch11 Electricity.pdf' document_id='ad9015a98f1b584f33f5028c6c04d4d300d87692c81d89145e99e41e5f10c677' status=FULL_SUCCESS
2026-10-05 23:31:34,244 | INFO | rag_app | Document chunking completed source_file='ch11 Electricity.pdf' document_id='ad9015a98f1b584f33f5028c6c04d4d300d87692c81d89145e99e41e5f10c677' status=FULL_SUCCESS
2026-10-05 23:31:34,246 | INFO | rag_app | Document chunking completed source_file='ch11 Electricity.pdf' document_id='ad9015a98f1b584f33f5028c6c04d4d300d87692c81d89145e99e41e5f10c677' status=FULL_SUCCESS
2026-10-05 23:31:34,246 | INFO | rag_app | Document chunking completed source_file='ch11 Electricity.pdf' document_id='ad9015a98f1b584f33f5028c6c04d4d300d87692c81d89145e99e41e5f10c677' status=FULL_SUCCESS
2026-10-05 23:31:34,247 | INFO | rag_app | Document chunking completed source_file='ch11 Electricity.pdf' document_id='ad9015a98f1b584f33f5028c6c04d4d300d87692c81d89145e99e41e5f10c677' status=FULL_SUCCESS
2026-10-05 23:31:34,258 | INFO | rag_app | Document chunking completed source_file='ch11 Electricity.pdf' document_id='ad9015a98f1b584f33f5028c6c04d4d300d87692c81d89145e99e41e5f10c677' status=FULL_SUCCESS
2026-10-05 23:31:34,259 | INFO | rag_app | Document chunking completed source_file='ch11 Electricity.pdf' document_id='ad9015a98f1b584f33f5028c6c04d4d300d87692c81d89145e99e41e5f10c677' status=FULL_SUCCESS
2026-10-05 23:31:34,260 | INFO | rag_app | Document chunking completed source_file='ch11 Electricity.pdf' document_id='ad9015a98f1b584f33f5028c6c04d4d300d87692c81d89145e99e41e5f10c677' status=FULL_SUCCESS
2026-10-05 23:31:34,261 | INFO | rag_app | Document chunking completed source_file='ch11 Electricity.pdf' document_id='ad9015a98f1b584f33f5028c6c04d4d300d87692c81d89145e99e41e5f10c677' status=FULL_SUCCESS
2026-10-05 23:31:34,261 | INFO | rag_app | Document chunking completed source_file='ch11 Electricity.pdf' document_id='ad9015a98f1b584f33f5028c6c04d4d300d87692c81d89145e99e41e5f10c677' status=FULL_SUCCESS
2026-10-05 23:31:34,263 | INFO | rag_app | Document chunking completed source_file='ch11 Electricity.pdf' document_id='ad9015a98f1b584f33f5028c6c04d4d300d87692c81d89145e99e41e5f10c677' status=FULL_SUCCESS
2026-10-05 23:31:34,278 | INFO | rag_app | Document chunking completed source_file='ch11 Electricity.pdf' document_id='ad9015a98f1b584f33f5028c6c04d4d300d87692c81d89145e99e41e5f10c677' status=FULL_SUCCESS
2026-10-05 23:31:34,293 | INFO | rag_app | Document chunking completed source_file='ch11 Electricity.pdf' document_id='ad9015a98f1b584f33f5028c6c04d4d300d87692c81d89145e99e41e5f10c677' status=FULL_SUCCESS
2026-10-05 23:31:34,294 | INFO | rag_app | Document chunking completed source_file='ch11 Electricity.pdf' document_id='ad9015a98f1b584f33f5028c6c04d4d300d87692c81d89145e99e41e5f10c677' status=FULL_SUCCESS
2026-10-05 23:31:34,295 | INFO | rag_app | Document chunking completed source_file='ch11 Electricity.pdf' document_id='ad9015a98f1b584f33f5028c6c04d4d300d87692c81d89145e99e41e5f10c677' status=FULL_SUCCESS
2026-10-05 23:31:34,295 | INFO | rag_app | Document chunking completed source_file='ch11 Electricity.pdf' document_id='ad9015a98f1b584f33f5028c6c04d4d300d87692c81d89145e99e41e5f10c677' status=FULL_SUCCESS
2026-10-05 23:31:34,296 | INFO | rag_app | Document chunking completed source_file='ch11 Electricity.pdf' document_id='ad9015a98f1b584f33f5028c6c04d4d300d87692c81d89145e99e41e5f10c677' status=FULL_SUCCESS
2026-10-05 23:31:34,297 | INFO | rag_app | Document chunking completed source_file='ch11 Electricity.pdf' document_id='ad9015a98f1b584f33f5028c6c04d4d300d87692c81d89145e99e41e5f10c677' status=FULL_SUCCESS
2026-10-05 23:31:34,333 | INFO | rag_app | Document chunking completed source_file='ch11 Electricity.pdf' document_id='ad9015a98f1b584f33f5028c6c04d4d300d87692c81d89145e99e41e5f10c677' status=FULL_SUCCESS
2026-10-05 23:31:34,337 | INFO | rag_app | Document chunking completed source_file='ch11 Electricity.pdf' document_id='ad9015a98f1b584f33f5028c6c04d4d300d87692c81d89145e99e41e5f10c677' status=FULL_SUCCESS
2026-10-05 23:31:34,344 | INFO | rag_app | Document chunking completed source_file='ch11 Electricity.pdf' document_id='ad9015a98f1b584f33f5028c6c04d4d300d87692c81d89145e99e41e5f10c677' status=FULL_SUCCESS
2026-10-05 23:31:34,346 | INFO | rag_app | Document chunking completed source_file='ch11 Electricity.pdf' document_id='ad9015a98f1b584f33f5028c6c04d4d300d87692c81d89145e99e41e5f10c677' status=FULL_SUCCESS
2026-10-05 23:31:34,347 | INFO | rag_app | Document chunking completed source_file='ch11 Electricity.pdf' document_id='ad9015a98f1b584f33f5028c6c04d4d300d87692c81d89145e99e41e5f10c677' status=FULL_SUCCESS
2026-10-05 23:31:34,350 | INFO | rag_app | Document chunking completed source_file='ch11 Electricity.pdf' document_id='ad9015a98f1b584f33f5028c6c04d4d300d87692c81d89145e99e41e5f10c677' status=FULL_SUCCESS
2026-10-05 23:31:34,351 | INFO | rag_app | Document chunking completed source_file='ch11 Electricity.pdf' document_id='ad9015a98f1b584f33f5028c6c04d4d300d87692c81d89145e99e41e5f10c677' status=FULL_SUCCESS
2026-10-05 23:31:34,353 | INFO | rag_app | Document chunking completed source_file='ch11 Electricity.pdf' document_id='ad9015a98f1b584f33f5028c6c04d4d300d87692c81d89145e99e41e5f10c677' status=FULL_SUCCESS
2026-10-05 23:31:34,354 | INFO | rag_app | Document chunking completed source_file='ch11 Electricity.pdf' document_id='ad9015a98f1b584f33f5028c6c04d4d300d87692c81d89145e99e41e5f10c677' status=FULL_SUCCESS
2026-10-05 23:31:34,377 | INFO | rag_app | Document chunking completed source_file='ch11 Electricity.pdf' document_id='ad9015a98f1b584f33f5028c6c04d4d300d87692c81d89145e99e41e5f10c677' status=FULL_SUCCESS
2026-10-05 23:31:34,379 | INFO | rag_app | Document chunking completed source_file='ch11 Electricity.pdf' document_id='ad9015a98f1b584f33f5028c6c04d4d300d87692c81d89145e99e41e5f10c677' status=FULL_SUCCESS
2026-10-05 23:31:34,379 | INFO | rag_app | Document chunking completed source_file='ch11 Electricity.pdf' document_id='ad9015a98f1b584f33f5028c6c04d4d300d87692c81d89145e99e41e5f10c677' status=FULL_SUCCESS
2026-10-05 23:31:34,390 | INFO | rag_app | Document chunking completed source_file='ch11 Electricity.pdf' document_id='ad9015a98f1b584f33f5028c6c04d4d300d87692c81d89145e99e41e5f10c677' status=FULL_SUCCESS
2026-10-05 23:31:34,392 | INFO | rag_app | Document chunking completed source_file='ch11 Electricity.pdf' document_id='ad9015a98f1b584f33f5028c6c04d4d300d87692c81d89145e99e41e5f10c677' status=FULL_SUCCESS
2026-10-05 23:31:34,393 | INFO | rag_app | Document chunking completed source_file='ch11 Electricity.pdf' document_id='ad9015a98f1b584f33f5028c6c04d4d300d87692c81d89145e99e41e5f10c677' status=FULL_SUCCESS
2026-10-05 23:31:34,394 | INFO | rag_app | Document chunking completed source_file='ch11 Electricity.pdf' document_id='ad9015a98f1b584f33f5028c6c04d4d300d87692c81d89145e99e41e5f10c677' status=FULL_SUCCESS
2026-10-05 23:31:34,415 | INFO | rag_app | Document chunking completed source_file='ch11 Electricity.pdf' document_id='ad9015a98f1b584f33f5028c6c04d4d300d87692c81d89145e99e41e5f10c677' status=FULL_SUCCESS
2026-10-05 23:31:34,420 | INFO | rag_app | Document chunking completed source_file='ch11 Electricity.pdf' document_id='ad9015a98f1b584f33f5028c6c04d4d300d87692c81d89145e99e41e5f10c677' status=FULL_SUCCESS
2026-10-05 23:31:34,423 | INFO | rag_app | Document chunking completed source_file='ch11 Electricity.pdf' document_id='ad9015a98f1b584f33f5028c6c04d4d300d87692c81d89145e99e41e5f10c677' status=FULL_SUCCESS
2026-10-05 23:31:34,434 | INFO | rag_app | Document chunking completed source_file='ch11 Electricity.pdf' document_id='ad9015a98f1b584f33f5028c6c04d4d300d87692c81d89145e99e41e5f10c677' status=FULL_SUCCESS
2026-10-05 23:31:34,434 | INFO | rag_app | Document chunking completed source_file='ch11 Electricity.pdf' document_id='ad9015a98f1b584f33f5028c6c04d4d300d87692c81d89145e99e41e5f10c677' status=FULL_SUCCESS
2026-10-05 23:31:34,437 | INFO | rag_app | Document chunking completed source_file='ch11 Electricity.pdf' document_id='ad9015a98f1b584f33f5028c6c04d4d300d87692c81d89145e99e41e5f10c677' status=FULL_SUCCESS
2026-10-05 23:31:34,437 | INFO | rag_app | Document chunking completed source_file='ch11 Electricity.pdf' document_id='ad9015a98f1b584f33f5028c6c04d4d300d87692c81d89145e99e41e5f10c677' status=FULL_SUCCESS
2026-10-05 23:31:34,439 | INFO | rag_app | Document chunking completed source_file='ch11 Electricity.pdf' document_id='ad9015a98f1b584f33f5028c6c04d4d300d87692c81d89145e99e41e5f10c677' status=FULL_SUCCESS
2026-10-05 23:31:34,441 | INFO | rag_app | Document chunking completed source_file='ch11 Electricity.pdf' document_id='ad9015a98f1b584f33f5028c6c04d4d300d87692c81d89145e99e41e5f10c677' status=FULL_SUCCESS
2026-10-05 23:31:34,444 | INFO | rag_app | Document chunking completed source_file='ch11 Electricity.pdf' document_id='ad9015a98f1b584f33f5028c6c04d4d300d87692c81d89145e99e41e5f10c677' status=FULL_SUCCESS
2026-10-05 23:31:34,461 | INFO | rag_app | Document chunking completed source_file='ch11 Electricity.pdf' document_id='ad9015a98f1b584f33f5028c6c04d4d300d87692c81d89145e99e41e5f10c677' status=FULL_SUCCESS
2026-10-05 23:31:34,461 | INFO | rag_app | Document chunking completed source_file='ch11 Electricity.pdf' document_id='ad9015a98f1b584f33f5028c6c04d4d300d87692c81d89145e99e41e5f10c677' status=FULL_SUCCESS
2026-10-05 23:31:34,466 | INFO | rag_app | Document chunking completed source_file='ch11 Electricity.pdf' document_id='ad9015a98f1b584f33f5028c6c04d4d300d87692c81d89145e99e41e5f10c677' status=FULL_SUCCESS
2026-10-05 23:31:34,468 | INFO | rag_app | Document chunking completed source_file='ch11 Electricity.pdf' document_id='ad9015a98f1b584f33f5028c6c04d4d300d87692c81d89145e99e41e5f10c677' status=FULL_SUCCESS
2026-10-05 23:31:34,468 | INFO | rag_app | Document chunking completed source_file='ch11 Electricity.pdf' document_id='ad9015a98f1b584f33f5028c6c04d4d300d87692c81d89145e99e41e5f10c677' status=FULL_SUCCESS
2026-10-05 23:31:34,474 | INFO | rag_app | Document chunking completed source_file='ch11 Electricity.pdf' document_id='ad9015a98f1b584f33f5028c6c04d4d300d87692c81d89145e99e41e5f10c677' status=FULL_SUCCESS
2026-10-05 23:31:34,475 | INFO | rag_app | Document chunking completed source_file='ch11 Electricity.pdf' document_id='ad9015a98f1b584f33f5028c6c04d4d300d87692c81d89145e99e41e5f10c677' status=FULL_SUCCESS
2026-10-05 23:31:34,477 | INFO | rag_app | Document chunking completed source_file='ch11 Electricity.pdf' document_id='ad9015a98f1b584f33f5028c6c04d4d300d87692c81d89145e99e41e5f10c677' status=FULL_SUCCESS
2026-10-05 23:31:34,479 | INFO | rag_app | Document chunking completed source_file='ch11 Electricity.pdf' document_id='ad9015a98f1b584f33f5028c6c04d4d300d87692c81d89145e99e41e5f10c677' status=FULL_SUCCESS
2026-10-05 23:31:34,482 | INFO | rag_app | Document chunking completed source_file='ch11 Electricity.pdf' document_id='ad9015a98f1b584f33f5028c6c04d4d300d87692c81d89145e99e41e5f10c677' status=FULL_SUCCESS
2026-10-05 23:31:34,486 | INFO | rag_app | Document chunking completed source_file='ch11 Electricity.pdf' document_id='ad9015a98f1b584f33f5028c6c04d4d300d87692c81d89145e99e41e5f10c677' status=FULL_SUCCESS
2026-10-05 23:31:34,496 | INFO | rag_app | Document chunking completed source_file='ch11 Electricity.pdf' document_id='ad9015a98f1b584f33f5028c6c04d4d300d87692c81d89145e99e41e5f10c677' status=FULL_SUCCESS
2026-10-05 23:31:34,498 | INFO | rag_app | Document chunking completed source_file='ch11 Electricity.pdf' document_id='ad9015a98f1b584f33f5028c6c04d4d300d87692c81d89145e99e41e5f10c677' status=FULL_SUCCESS
2026-10-05 23:31:34,499 | INFO | rag_app | Document chunking completed source_file='Contents NCERT.pdf' document_id='7805ad4ee41bda8357dc46a287513178a92692f24f56da9cf32e181f941a3983' status=FULL_SUCCESS
2026-10-05 23:31:34,514 | INFO | rag_app | Document chunking completed source_file='Contents NCERT.pdf' document_id='7805ad4ee41bda8357dc46a287513178a92692f24f56da9cf32e181f941a3983' status=FULL_SUCCESS
2026-10-05 23:31:34,526 | INFO | rag_app | Document chunking completed source_file='Contents NCERT.pdf' document_id='7805ad4ee41bda8357dc46a287513178a92692f24f56da9cf32e181f941a3983' status=FULL_SUCCESS
2026-10-05 23:31:34,527 | INFO | rag_app | Document chunking completed source_file='Contents NCERT.pdf' document_id='7805ad4ee41bda8357dc46a287513178a92692f24f56da9cf32e181f941a3983' status=FULL_SUCCESS
2026-10-05 23:31:34,529 | INFO | rag_app | Document chunking completed source_file='Contents NCERT.pdf' document_id='7805ad4ee41bda8357dc46a287513178a92692f24f56da9cf32e181f941a3983' status=FULL_SUCCESS
2026-10-05 23:31:34,529 | INFO | rag_app | Document chunking completed source_file='Contents NCERT.pdf' document_id='7805ad4ee41bda8357dc46a287513178a92692f24f56da9cf32e181f941a3983' status=FULL_SUCCESS
2026-10-05 23:31:34,547 | INFO | rag_app | Document chunking completed source_file='Contents NCERT.pdf' document_id='7805ad4ee41bda8357dc46a287513178a92692f24f56da9cf32e181f941a3983' status=FULL_SUCCESS
2026-10-05 23:31:34,555 | INFO | rag_app | Document chunking completed source_file='Contents NCERT.pdf' document_id='7805ad4ee41bda8357dc46a287513178a92692f24f56da9cf32e181f941a3983' status=FULL_SUCCESS
2026-10-05 23:31:34,560 | INFO | rag_app | Document chunking completed source_file='Contents NCERT.pdf' document_id='7805ad4ee41bda8357dc46a287513178a92692f24f56da9cf32e181f941a3983' status=FULL_SUCCESS
2026-10-05 23:31:34,563 | INFO | rag_app | Document chunking completed source_file='Contents NCERT.pdf' document_id='7805ad4ee41bda8357dc46a287513178a92692f24f56da9cf32e181f941a3983' status=FULL_SUCCESS
2026-10-05 23:31:34,566 | INFO | rag_app | Document chunking completed source_file='Contents NCERT.pdf' document_id='7805ad4ee41bda8357dc46a287513178a92692f24f56da9cf32e181f941a3983' status=FULL_SUCCESS
2026-10-05 23:31:34,570 | INFO | rag_app | Document chunking completed source_file='Contents NCERT.pdf' document_id='7805ad4ee41bda8357dc46a287513178a92692f24f56da9cf32e181f941a3983' status=FULL_SUCCESS
2026-10-05 23:31:34,570 | INFO | rag_app | Chunking completed.
2026-10-05 23:31:34,570 | INFO | rag_app | STATISTICS Chunking: documents_received=232 parent_chunks_created=1205 child_chunks_created=3537 duration=6.092s
2026-10-05 23:31:34,574 | INFO | rag_app | Persisting 1205 parent chunks to SQLite database...
2026-10-05 23:32:16,542 | INFO | rag_app | Ingestion completed. Documents received: 15, Parents persisted: 1205, Children persisted: 3537, Failures: 0. Duration: 452.896s
2026-10-05 23:32:16,567 | INFO | rag_app | === VALIDATION RESULTS ===
2026-10-05 23:32:16,568 | INFO | rag_app | Total Parents: 1205
2026-10-05 23:32:16,568 | INFO | rag_app | Total Children: 3537
2026-10-05 23:32:16,568 | INFO | rag_app | Children with NULL parent_id: 0
2026-10-05 23:32:16,568 | INFO | rag_app | Orphaned Children (no matching parent): 0
2026-10-05 23:32:16,568 | INFO | rag_app | Validation passed successfully.
2026-10-05 23:38:03,376 | INFO | rag_app | Starting embedding phase...
2026-10-05 23:38:03,423 | INFO | rag_app | Loaded 3537 child chunks from SQLite.
2026-10-05 23:38:12,638 | INFO | rag_app | Loaded embedding model with dimension: 384
2026-10-05 23:38:12,917 | INFO | rag_app | Test query embedded successfully with the same model.
2026-10-05 23:38:12,938 | INFO | rag_app | Embedding 3537 new children (ignoring 0 existing)...
2026-10-05 23:38:56,447 | INFO | rag_app | Embedded batch 5, total vectors so far: 640
2026-10-05 23:39:35,776 | INFO | rag_app | Embedded batch 10, total vectors so far: 1280
2026-10-05 23:40:24,023 | INFO | rag_app | Embedded batch 15, total vectors so far: 1920
2026-10-05 23:41:07,079 | INFO | rag_app | Embedded batch 20, total vectors so far: 2560
2026-10-05 23:41:54,631 | INFO | rag_app | Embedded batch 25, total vectors so far: 3200
2026-10-05 23:42:23,451 | INFO | rag_app | Finished embedding all batches. Total vectors: 3537
2026-10-05 23:42:23,469 | INFO | rag_app | Embedding completed. Total vectors in FAISS: 3537. Duration: 260.075s
2026-10-05 23:42:23,469 | INFO | rag_app | Validation passed: Vector count exactly matches child_id mapping count. Dimension matches. Only children embedded.
2026-10-05 23:50:14,680 | INFO | rag_app | Retrieval started. query='What is a chemical reaction?' candidate_k=15 final_k=3
2026-10-05 23:51:13,983 | INFO | rag_app | Retrieval completed. child_results=3 parent_results=3 duration=59.299s
2026-10-05 23:55:44,328 | INFO | rag_app | Generation started. model_name=gemini-3.5-flash-lite context_count=1
2026-10-05 23:55:44,928 | ERROR | rag_app | Gemini generation failed. model_name=gemini-3.5-flash-lite reason=HTTPError
